Using device: cuda:0
Training the policy network...
  0%|          | 0/500 [00:00<?, ?it/s]
  0%|          | 0/750 [00:00<?, ?it/s]
Episode 0 - Time 749 - Avg reward: -12.5185 - Loss: -5.05 - Action counts: [4.97273808 5.19032888 6.27197588 6.95565247 5.972079   5.79800636
 5.12000605 7.1625214  5.54225834 5.87589756 6.18367817 5.52617554
 5.92099247 5.97554784 6.48042156 5.54667323 5.50504716]
  0%|          | 0/750 [00:00<?, ?it/s]
Episode 1 - Time 749 - Avg reward: -8.7393 - Loss: 1531.05 - Action counts: [ 0.67287444  1.1770913   1.45525825  7.50009328  3.47793832  3.34917456
  2.55896488 75.87694717  2.11659065  0.23573008  0.24058153  0.20025629
  0.22165258  0.25139698  0.25204788  0.21126096  0.20214086]
  0%|          | 0/750 [00:00<?, ?it/s]
Episode 2 - Time 749 - Avg reward: -4.5030 - Loss: 2089.62 - Action counts: [ 0.43351764  3.05826493  1.05701764  4.63266633  1.99728879  2.09639732
  1.70399475 82.52040726  1.54206879  0.12419606  0.12708094  0.10598843
  0.11634844  0.13332909  0.13228469  0.11206494  0.10708395]
  0%|          | 0/750 [00:00<?, ?it/s]
Episode 3 - Time 749 - Avg reward: -5.4890 - Loss: 2445.55 - Action counts: [3.48137017e-01 2.88839157e+00 9.83352730e-01 4.24910612e+00
 1.47606296e+00 1.61649349e+00 1.41042677e+00 8.50924265e+01
 1.27109743e+00 8.58471092e-02 8.81937492e-02 7.34719497e-02
 8.06417041e-02 9.26706381e-02 9.14227834e-02 7.77637041e-02
 7.44937960e-02]
  0%|          | 0/750 [00:00<?, ?it/s]
Episode 4 - Time 749 - Avg reward: -5.2612 - Loss: 1440.45 - Action counts: [2.96881140e-01 2.50275094e+00 9.54625888e-01 2.19587563e+01
 1.19978950e+00 1.34215449e+00 1.27308578e+00 6.88199692e+01
 1.13825682e+00 6.63611437e-02 6.81567062e-02 5.68802184e-02
 6.23611284e-02 7.18207202e-02 7.03984926e-02 6.01051197e-02
 5.76464436e-02]
  0%|          | 0/750 [00:00<?, ?it/s]
Episode 5 - Time 749 - Avg reward: -6.2202 - Loss: 2184.68 - Action counts: [2.64494729e-01 2.27471929e+00 1.05109857e+00 3.65428216e+01
 1.03281212e+00 1.16265412e+00 1.14624258e+00 5.50063869e+01
 1.09517538e+00 5.46900645e-02 5.63096331e-02 4.68842520e-02
 5.14396412e-02 5.92779015e-02 5.78544306e-02 4.95435610e-02
 4.75952821e-02]
  0%|          | 0/750 [00:00<?, ?it/s]
Episode 6 - Time 749 - Avg reward: -6.6092 - Loss: 1881.65 - Action counts: [2.38075355e-01 2.10317048e+00 1.13921453e+00 4.60388285e+01
 9.12808818e-01 1.03039360e+00 1.03980746e+00 4.60718875e+01
 1.06810018e+00 4.61064824e-02 4.76204197e-02 3.95705060e-02
 4.34693014e-02 5.00296962e-02 4.87843607e-02 4.18460630e-02
 4.02867774e-02]
  0%|          | 0/750 [00:00<?, ?it/s]
Episode 7 - Time 749 - Avg reward: -4.8542 - Loss: 1892.15 - Action counts: [2.22982232e-01 1.96069073e+00 1.13560444e+00 5.30387447e+01
 8.25911799e-01 9.36624477e-01 1.00238791e+00 3.95148290e+01
 1.05085128e+00 4.00744673e-02 4.14906207e-02 3.44663410e-02
 3.78922630e-02 4.35994903e-02 4.24152332e-02 3.64245770e-02
 3.50104056e-02]
  0%|          | 0/750 [00:00<?, ?it/s]
Episode 8 - Time 749 - Avg reward: -5.5205 - Loss: 2178.87 - Action counts: [2.08273058e-01 1.78946261e+00 1.25108968e+00 5.82457219e+01
 7.50110314e-01 8.51827962e-01 1.04685126e+00 3.45992031e+01
 9.81944750e-01 3.54532743e-02 3.67012268e-02 3.05185828e-02
 3.35294197e-02 3.86103691e-02 3.74896350e-02 3.22174252e-02
 3.09954357e-02]
  0%|          | 0/750 [00:00<?, ?it/s]
Episode 9 - Time 749 - Avg reward: -4.5279 - Loss: 3194.26 - Action counts: [1.96497141e-01 1.63960956e+00 2.62292082e+00 6.10836955e+01
 6.85645775e-01 7.83253102e-01 1.04328793e+00 3.07727102e+01
 9.25228372e-01 3.17949530e-02 3.28992751e-02 2.73761288e-02
 3.00601383e-02 3.46394655e-02 3.36242265e-02 2.89274018e-02
 2.78299914e-02]
  0%|          | 0/750 [00:00<?, ?it/s]
Episode 10 - Time 749 - Avg reward: -3.8422 - Loss: 2551.73 - Action counts: [1.90305090e-01 1.52373161e+00 1.10116978e+01 5.60953760e+01
 6.37339192e-01 7.33119625e-01 1.03810374e+00 2.76577456e+01
 8.87412731e-01 2.89392949e-02 2.99603011e-02 2.49254944e-02
 2.73874757e-02 3.15912948e-02 3.05909428e-02 2.63568308e-02
 2.54170645e-02]
  0%|          | 0/750 [00:00<?, ?it/s]
Episode 11 - Time 749 - Avg reward: -4.3748 - Loss: 1582.57 - Action counts: [1.82409358e-01 1.42124839e+00 1.79668278e+01 5.19580302e+01
 5.93870513e-01 6.87283943e-01 1.01681006e+00 2.51199000e+01
 8.47168342e-01 2.65455790e-02 2.74547896e-02 2.28525741e-02
 2.51046956e-02 2.89892775e-02 2.80313926e-02 2.41580432e-02
 2.33149798e-02]
  0%|          | 0/750 [00:00<?, ?it/s]
Episode 12 - Time 749 - Avg reward: -5.4495 - Loss: 1009.36 - Action counts: [1.74483725e-01 1.33069409e+00 2.43483680e+01 4.79501710e+01
 5.55403714e-01 6.46341953e-01 9.87895539e-01 2.30077415e+01
 8.08570606e-01 2.44673527e-02 2.53157764e-02 2.10668112e-02
 2.31316702e-02 2.67233495e-02 2.58424039e-02 2.22741175e-02
 2.15084251e-02]
  0%|          | 0/750 [00:00<?, ?it/s]
Episode 13 - Time 749 - Avg reward: -5.1594 - Loss: 921.25 - Action counts: [1.67233249e-01 1.25239599e+00 2.58095247e+01 4.85034519e+01
 5.22077389e-01 6.11092854e-01 9.61321424e-01 2.12197721e+01
 7.76471154e-01 2.27158961e-02 2.35080972e-02 1.95602246e-02
 2.14498451e-02 2.48214281e-02 2.39562057e-02 2.06734039e-02
 1.99741865e-02]
  0%|          | 0/750 [00:00<?, ?it/s]
Episode 14 - Time 749 - Avg reward: -4.7340 - Loss: 2068.85 - Action counts: [1.60453765e-01 1.19232132e+00 2.41336903e+01 5.17201368e+01
 4.95366017e-01 5.87219829e-01 1.07294463e+00 1.97140355e+01
 7.58567021e-01 2.12637597e-02 2.19914169e-02 1.82937105e-02
 2.00622000e-02 2.32265833e-02 2.23995673e-02 1.93447709e-02
 1.86828659e-02]
  0%|          | 0/750 [00:00<?, ?it/s]
Episode 15 - Time 749 - Avg reward: -5.8991 - Loss: 1297.33 - Action counts: [1.53746487e-01 1.14168407e+00 2.26504311e+01 5.45300231e+01
 4.72737290e-01 5.70164072e-01 1.14189921e+00 1.84453356e+01
 7.38462739e-01 2.00086217e-02 2.07036403e-02 1.72094433e-02
 1.88769422e-02 2.18689791e-02 2.10566079e-02 1.81996629e-02
 1.75924313e-02]
  0%|          | 0/750 [00:00<?, ?it/s]
Episode 16 - Time 749 - Avg reward: -6.5438 - Loss: 2219.78 - Action counts: [1.48608077e-01 1.10979938e+00 2.12968244e+01 5.68801138e+01
 4.53340569e-01 5.66171641e-01 1.35923878e+00 1.73120629e+01
 7.26845878e-01 1.89183532e-02 1.95918647e-02 1.62749692e-02
 1.78306021e-02 2.06774871e-02 1.98775324e-02 1.71932779e-02
 1.66304573e-02]
  0%|          | 0/750 [00:00<?, ?it/s]
Episode 17 - Time 749 - Avg reward: -5.9681 - Loss: 1904.60 - Action counts: [1.42799367e-01 1.07411483e+00 2.00897125e+01 5.85690674e+01
 4.33052454e-01 5.54172465e-01 1.97785036e+00 1.63107110e+01
 7.09511770e-01 1.78986455e-02 1.85397696e-02 1.53861758e-02
 1.68541177e-02 1.95666885e-02 1.87718869e-02 1.62614181e-02
 1.57291491e-02]
  0%|          | 0/750 [00:00<?, ?it/s]
Episode 18 - Time 749 - Avg reward: -3.9918 - Loss: 1721.61 - Action counts: [1.37664294e-01 1.03894046e+00 1.90205338e+01 6.05165289e+01
 4.14899908e-01 5.43123452e-01 2.08204988e+00 1.54186297e+01
 6.95862741e-01 1.69597474e-02 1.75812021e-02 1.45788888e-02
 1.59705547e-02 1.85692622e-02 1.77831938e-02 1.54147945e-02
 1.49092490e-02]
  0%|          | 0/750 [00:00<?, ?it/s]
Episode 19 - Time 749 - Avg reward: -5.0193 - Loss: 3272.33 - Action counts: [1.32772003e-01 1.00397890e+00 1.80653119e+01 6.02081833e+01
 3.98029287e-01 5.31077643e-01 4.22642032e+00 1.46261373e+01
 6.82805379e-01 1.61264234e-02 1.67163098e-02 1.38641194e-02
 1.51851076e-02 1.76640608e-02 1.68929183e-02 1.46602874e-02
 1.41747930e-02]
  0%|          | 0/750 [00:00<?, ?it/s]
Episode 20 - Time 749 - Avg reward: -4.9547 - Loss: 3621.63 - Action counts: [1.29156955e-01 9.76589752e-01 1.72099405e+01 5.97208917e+01
 3.84389874e-01 5.24053838e-01 6.34392911e+00 1.39159733e+01
 6.75397198e-01 1.54175211e-02 1.59714685e-02 1.32421239e-02
 1.44952939e-02 1.68828340e-02 1.61364307e-02 1.39936186e-02
 1.35384450e-02]
  0%|          | 0/750 [00:00<?, ?it/s]
Episode 21 - Time 749 - Avg reward: -3.6740 - Loss: 2389.59 - Action counts: [1.25399467e-01 9.49392591e-01 1.64281564e+01 6.08585305e+01
 3.71043189e-01 5.16023871e-01 6.70895025e+00 1.32628519e+01
 6.65193426e-01 1.47524226e-02 1.52845069e-02 1.26618611e-02
 1.38651851e-02 1.61359062e-02 1.54278596e-02 1.33902483e-02
 1.29404950e-02]
  0%|          | 0/750 [00:00<?, ?it/s]
Episode 22 - Time 749 - Avg reward: -4.0089 - Loss: 1296.92 - Action counts: [1.22055173e-01 9.25055318e-01 1.57746165e+01 6.22371272e+01
 3.59050497e-01 5.08764820e-01 6.61616352e+00 1.26918515e+01
 6.55476769e-01 1.41575686e-02 1.46676790e-02 1.21525941e-02
 1.33069734e-02 1.54883585e-02 1.48046132e-02 1.28412740e-02
 1.24196773e-02]
  0%|          | 0/750 [00:00<?, ?it/s]
Episode 23 - Time 749 - Avg reward: -6.1250 - Loss: 2516.49 - Action counts: [1.19342431e-01 9.05687808e-01 1.55887134e+01 6.32036158e+01
 3.48608509e-01 5.04550473e-01 6.40766906e+00 1.21643857e+01
 6.51803303e-01 1.36173609e-02 1.41116583e-02 1.16864751e-02
 1.27889115e-02 1.48955737e-02 1.42313985e-02 1.23477010e-02
 1.19445360e-02]
  0%|          | 0/750 [00:00<?, ?it/s]
Episode 24 - Time 749 - Avg reward: -5.3009 - Loss: 2557.47 - Action counts: [1.16146395e-01 8.82741708e-01 1.56938232e+01 6.38515371e+01
 3.37720653e-01 4.96552685e-01 6.19989936e+00 1.16764152e+01
 6.43577347e-01 1.30976961e-02 1.35662380e-02 1.12452883e-02
 1.22920188e-02 1.43326347e-02 1.36902971e-02 1.18732136e-02
 1.14888849e-02]
  0%|          | 0/750 [00:00<?, ?it/s]
Episode 25 - Time 749 - Avg reward: -5.9291 - Loss: 3388.61 - Action counts: [1.13417748e-01 8.62632839e-01 1.69958855e+01 6.32547060e+01
 3.27935667e-01 4.90493170e-01 6.00387067e+00 1.12147935e+01
 6.38461452e-01 1.26092850e-02 1.30640470e-02 1.08205726e-02
 1.18343749e-02 1.38051005e-02 1.31715756e-02 1.14270122e-02
 1.10713824e-02]
  0%|          | 0/750 [00:00<?, ?it/s]
Episode 26 - Time 749 - Avg reward: -5.3691 - Loss: 1380.15 - Action counts: [1.10929289e-01 8.42469030e-01 1.94692422e+01 6.14397690e+01
 3.18756107e-01 4.83508162e-01 5.81601885e+00 1.07939329e+01
 6.30988416e-01 1.21724653e-02 1.26151051e-02 1.04385974e-02
 1.14217211e-02 1.33197898e-02 1.27001981e-02 1.10261817e-02
 1.06920549e-02]
  0%|          | 0/750 [00:00<?, ?it/s]
Episode 27 - Time 749 - Avg reward: -3.5232 - Loss: 2973.39 - Action counts: [1.08364550e-01 8.22032299e-01 2.21672523e+01 5.93701364e+01
 3.09826915e-01 4.75206382e-01 5.63658715e+00 1.03961239e+01
 6.23360036e-01 1.17492062e-02 1.21781061e-02 1.00766465e-02
 1.10232793e-02 1.28587408e-02 1.22531761e-02 1.06479292e-02
 1.03228761e-02]
  0%|          | 0/750 [00:00<?, ?it/s]
Episode 28 - Time 749 - Avg reward: -5.0734 - Loss: 1377.09 - Action counts: [1.05882267e-01 8.04245257e-01 2.19146597e+01 6.01796102e+01
 3.01523394e-01 4.68275744e-01 5.48265546e+00 1.00362662e+01
 6.18836200e-01 1.13527019e-02 1.17718237e-02 9.73674392e-03
 1.06480565e-02 1.24308915e-02 1.18393462e-02 1.02863288e-02
 9.97958375e-03]
  0%|          | 0/750 [00:00<?, ?it/s]
Episode 29 - Time 749 - Avg reward: -4.1898 - Loss: 1859.71 - Action counts: [1.04138805e-01 7.90840239e-01 2.14964197e+01 6.10784581e+01
 2.94876417e-01 4.64343697e-01 5.35055960e+00 9.71458544e+00
 6.20375440e-01 1.10183795e-02 1.14169682e-02 9.44755339e-03
 1.03232371e-02 1.20613260e-02 1.14791676e-02 9.97659774e-03
 9.67934517e-03]
  0%|          | 0/750 [00:00<?, ?it/s]
Episode 30 - Time 749 - Avg reward: -4.7269 - Loss: 2679.95 - Action counts: [1.02321379e-01 7.77016148e-01 2.14177463e+01 6.16286383e+01
 2.88219570e-01 4.59870404e-01 5.21619522e+00 9.40826285e+00
 6.18860998e-01 1.06945820e-02 1.10801022e-02 9.16781400e-03
 1.00147424e-02 1.17065725e-02 1.11339219e-02 9.67966410e-03
 9.39142471e-03]
  0%|          | 0/750 [00:00<?, ?it/s]
Episode 31 - Time 749 - Avg reward: -4.2526 - Loss: 2915.39 - Action counts: [1.00982154e-01 7.65745453e-01 2.26339895e+01 6.08556265e+01
 2.82528228e-01 4.57410433e-01 5.08920953e+00 9.11444833e+00
 6.19520605e-01 1.03931539e-02 1.07718941e-02 8.91040770e-03
 9.73057616e-03 1.13813611e-02 1.08110741e-02 9.41060598e-03
 9.13025116e-03]
  0%|          | 0/750 [00:00<?, ?it/s]
Episode 32 - Time 749 - Avg reward: -4.3278 - Loss: 3251.28 - Action counts: [9.98970198e-02 7.57839816e-01 2.29707974e+01 6.09129130e+01
 2.77526773e-01 4.56778256e-01 4.98230147e+00 8.84152770e+00
 6.22073926e-01 1.01098629e-02 1.04748103e-02 8.66776285e-03
 9.46715128e-03 1.10772998e-02 1.05127160e-02 9.15421893e-03
 8.88087694e-03]
  0%|          | 0/750 [00:00<?, ?it/s]
Episode 33 - Time 749 - Avg reward: -4.2454 - Loss: 2091.31 - Action counts: [9.83568088e-02 7.47582936e-01 2.28723275e+01 6.14015044e+01
 2.71933951e-01 4.52571291e-01 4.87247573e+00 8.58661674e+00
 6.20439780e-01 9.83431341e-03 1.01827107e-02 8.43174406e-03
 9.20446344e-03 1.07764351e-02 1.02223059e-02 8.89933521e-03
 8.63951699e-03]
  0%|          | 0/750 [00:00<?, ?it/s]
Episode 34 - Time 749 - Avg reward: -5.3053 - Loss: 1100.92 - Action counts: [9.73176967e-02 7.40079073e-01 2.23919304e+01 6.22321279e+01
 2.67429117e-01 4.50062253e-01 4.76968873e+00 8.35791485e+00
 6.19107000e-01 9.59629421e-03 9.93671769e-03 8.22389387e-03
 8.98107343e-03 1.05172418e-02 9.97419005e-03 8.68050150e-03
 8.43306497e-03]
  0%|          | 0/750 [00:00<?, ?it/s]
Episode 35 - Time 749 - Avg reward: -6.2315 - Loss: 656.55 - Action counts: [9.60027827e-02 7.28130237e-01 2.17631367e+01 6.32424590e+01
 2.62302277e-01 4.43603686e-01 4.65109479e+00 8.12716697e+00
 6.13659146e-01 9.35333333e-03 9.68603321e-03 8.01232949e-03
 8.75050734e-03 1.02522776e-02 9.71626115e-03 8.45535172e-03
 8.21834156e-03]
  0%|          | 0/750 [00:00<?, ?it/s]
Episode 36 - Time 749 - Avg reward: -5.0728 - Loss: 947.20 - Action counts: [9.87074399e-02 7.13220423e-01 2.11700156e+01 6.41999444e+01
 2.57213929e-01 4.40061092e-01 4.53227500e+00 7.91473048e+00
 6.03285031e-01 9.10975980e-03 9.43396520e-03 7.79927367e-03
 8.51975091e-03 9.98597542e-03 9.45811213e-03 8.23185951e-03
 8.00798558e-03]
  0%|          | 0/750 [00:00<?, ?it/s]
Episode 37 - Time 749 - Avg reward: -4.4626 - Loss: 888.32 - Action counts: [1.26576449e-01 6.99982871e-01 2.06136874e+01 6.50773565e+01
 2.51649943e-01 4.34801237e-01 4.42080801e+00 7.71439369e+00
 5.92008807e-01 8.87672176e-03 9.19188674e-03 7.59930164e-03
 8.30213775e-03 9.72876026e-03 9.21283701e-03 8.01867145e-03
 7.80479649e-03]
  0%|          | 0/750 [00:00<?, ?it/s]
Episode 38 - Time 749 - Avg reward: -5.0189 - Loss: 1967.78 - Action counts: [1.96632147e-01 6.89284577e-01 2.00770763e+01 6.58738773e+01
 2.46674762e-01 4.29482977e-01 4.31584843e+00 7.52118128e+00
 5.82925513e-01 8.65735789e-03 8.96201460e-03 7.41000321e-03
 8.09610148e-03 9.48567658e-03 8.97744250e-03 7.81644861e-03
 7.61162992e-03]
  0%|          | 0/750 [00:00<?, ?it/s]
Episode 39 - Time 749 - Avg reward: -4.5241 - Loss: 2321.15 - Action counts: [1.15992775e+00 6.77398197e-01 1.95639127e+01 6.57474563e+01
 2.41575404e-01 4.23129460e-01 4.21376594e+00 7.33466914e+00
 5.72823152e-01 8.44230211e-03 8.73833538e-03 7.22345338e-03
 7.89375974e-03 9.24939863e-03 8.75197985e-03 7.62104298e-03
 7.42173004e-03]
  0%|          | 0/750 [00:00<?, ?it/s]
Episode 40 - Time 749 - Avg reward: -4.5706 - Loss: 2407.44 - Action counts: [1.38740275e+00 6.65715763e-01 1.90709155e+01 6.63253054e+01
 2.36614017e-01 4.16733777e-01 4.11546749e+00 7.15522476e+00
 5.62889667e-01 8.23504720e-03 8.52298356e-03 7.04846668e-03
 7.69888984e-03 9.02110841e-03 8.53240754e-03 7.43283059e-03
 7.23913406e-03]
  0%|          | 0/750 [00:00<?, ?it/s]
Episode 41 - Time 749 - Avg reward: -5.9324 - Loss: 1405.87 - Action counts: [1.72201133e+00 6.55627071e-01 1.86132123e+01 6.67342872e+01
 2.32160348e-01 4.11413498e-01 4.02531057e+00 6.98937555e+00
 5.54354467e-01 8.04462177e-03 8.32697560e-03 6.88368788e-03
 7.51750657e-03 8.81124525e-03 8.33255701e-03 7.25862750e-03
 7.07247096e-03]
  0%|          | 0/750 [00:00<?, ?it/s]
Episode 42 - Time 749 - Avg reward: -5.1821 - Loss: 1281.84 - Action counts: [1.74818511e+00 6.46616162e-01 1.81798214e+01 6.74095539e+01
 2.28062981e-01 4.06766167e-01 3.94056527e+00 6.83271364e+00
 5.46864738e-01 7.86575478e-03 8.13721426e-03 6.73344505e-03
 7.34879594e-03 8.61555343e-03 8.14218194e-03 7.09448295e-03
 6.91324288e-03]
  0%|          | 0/750 [00:00<?, ?it/s]
Episode 43 - Time 749 - Avg reward: -5.6315 - Loss: 712.77 - Action counts: [1.76584856e+00 6.35120004e-01 1.77500229e+01 6.81007044e+01
 2.23287957e-01 3.99966419e-01 3.85335893e+00 6.67516316e+00
 5.37106343e-01 7.68186269e-03 7.94602643e-03 6.57515896e-03
 7.17574437e-03 8.41413896e-03 7.95009289e-03 6.92690807e-03
 6.75142452e-03]
  0%|          | 0/750 [00:00<?, ?it/s]
Episode 44 - Time 749 - Avg reward: -5.1113 - Loss: 1286.45 - Action counts: [1.78458942e+00 6.26817743e-01 1.73493648e+01 6.87321928e+01
 2.19410251e-01 3.95148692e-01 3.77435732e+00 6.53023350e+00
 5.29757440e-01 7.51619818e-03 7.77212142e-03 6.43215318e-03
 7.02008907e-03 8.23033862e-03 7.77441327e-03 6.77516671e-03
 6.60755609e-03]
  0%|          | 0/750 [00:00<?, ?it/s]
Episode 45 - Time 749 - Avg reward: -4.5394 - Loss: 1925.10 - Action counts: [2.69775682e+00 6.18865963e-01 1.69599284e+01 6.84508738e+01
 2.15601423e-01 3.90375116e-01 3.69743559e+00 6.38954148e+00
 5.22758286e-01 7.35583134e-03 7.60184178e-03 6.29147796e-03
 6.86843810e-03 8.04982558e-03 7.60378239e-03 6.62615963e-03
 6.46568559e-03]
  0%|          | 0/750 [00:00<?, ?it/s]
Episode 46 - Time 749 - Avg reward: -6.0171 - Loss: 1569.09 - Action counts: [4.42573163e+00 6.11023062e-01 1.65978481e+01 6.73122361e+01
 2.12016334e-01 3.85726950e-01 3.62538644e+00 6.25844322e+00
 5.15901824e-01 7.20548405e-03 7.44611951e-03 6.16146494e-03
 6.72567331e-03 7.88314737e-03 7.44451332e-03 6.48679006e-03
 6.33318053e-03]
  0%|          | 0/750 [00:00<?, ?it/s]
Episode 47 - Time 749 - Avg reward: -5.2978 - Loss: 1987.84 - Action counts: [5.92872192e+00 6.03157680e-01 1.62443341e+01 6.63857216e+01
 2.08443943e-01 3.81065525e-01 3.55475045e+00 6.13022999e+00
 5.09051278e-01 7.05557338e-03 7.29054014e-03 6.03328941e-03
 6.58678255e-03 7.71747975e-03 7.28868326e-03 6.35095876e-03
 6.20012296e-03]
  0%|          | 0/750 [00:00<?, ?it/s]
Episode 48 - Time 749 - Avg reward: -4.8022 - Loss: 610.68 - Action counts: [5.90259491e+00 5.94704338e-01 1.59043146e+01 6.69706381e+01
 2.04846432e-01 3.75956016e-01 3.48593482e+00 6.00587727e+00
 5.01728490e-01 6.91131439e-03 7.14182667e-03 5.90916612e-03
 6.45182752e-03 7.56007575e-03 7.13777278e-03 6.21977756e-03
 6.07327856e-03]
  0%|          | 0/750 [00:00<?, ?it/s]
Episode 49 - Time 749 - Avg reward: -4.9392 - Loss: 620.30 - Action counts: [5.79698677e+00 5.86482970e-01 1.55827315e+01 6.76053200e+01
 2.01469565e-01 3.71038833e-01 3.42078283e+00 5.88795011e+00
 4.94882459e-01 6.77542148e-03 7.00255124e-03 5.79351999e-03
 6.32485849e-03 7.40985142e-03 6.99721184e-03 6.09718111e-03
 5.95438645e-03]
  0%|          | 0/750 [00:00<?, ?it/s]
Episode 50 - Time 749 - Avg reward: -4.7586 - Loss: 741.29 - Action counts: [5.72772195e+00 5.79039822e-01 1.52764229e+01 6.81766512e+01
 1.98366707e-01 3.66484018e-01 3.35973005e+00 5.77545222e+00
 4.88778216e-01 6.64781057e-03 6.86889893e-03 5.68363454e-03
 6.20241410e-03 7.26653602e-03 6.86245947e-03 5.98132573e-03
 5.83979162e-03]
  0%|          | 0/750 [00:00<?, ?it/s]
Episode 51 - Time 749 - Avg reward: -5.6267 - Loss: 789.79 - Action counts: [5.63968533e+00 5.72062200e-01 1.49789079e+01 6.87514128e+01
 1.95377900e-01 3.62158541e-01 3.30093835e+00 5.66622259e+00
 4.82862628e-01 6.52278626e-03 6.73801678e-03 5.57535126e-03
 6.08338469e-03 7.12548430e-03 6.73157433e-03 5.86670790e-03
 5.72839239e-03]
  0%|          | 0/750 [00:00<?, ?it/s]
Episode 52 - Time 749 - Avg reward: -4.4128 - Loss: 555.53 - Action counts: [5.56037057e+00 5.64553425e-01 1.46897501e+01 6.93080225e+01
 1.92155082e-01 3.57757974e-01 3.24278118e+00 5.55992963e+00
 4.75273534e-01 6.39814472e-03 6.60837002e-03 5.46959590e-03
 5.96725373e-03 6.98873476e-03 6.60244092e-03 5.75329051e-03
 5.61821012e-03]
  0%|          | 0/750 [00:00<?, ?it/s]
Episode 53 - Time 749 - Avg reward: -4.2208 - Loss: 678.29 - Action counts: [5.47635967e+00 5.57859199e-01 1.44124944e+01 6.98470141e+01
 1.89204450e-01 3.54103351e-01 3.18775637e+00 5.45836917e+00
 4.68346986e-01 6.27902171e-03 6.48570154e-03 5.37051533e-03
 5.85618133e-03 6.85962138e-03 6.47988670e-03 5.64634125e-03
 5.51500160e-03]
  0%|          | 0/750 [00:00<?, ?it/s]
Episode 54 - Time 749 - Avg reward: -5.3220 - Loss: 495.10 - Action counts: [5.39254525e+00 5.50237575e-01 1.41504238e+01 7.03646888e+01
 1.86398547e-01 3.50098647e-01 3.13476211e+00 5.36173972e+00
 4.61484456e-01 6.16666435e-03 6.36951516e-03 5.27399676e-03
 5.75116140e-03 6.73650761e-03 6.36194702e-03 5.54434043e-03
 5.41704690e-03]
  0%|          | 0/750 [00:00<?, ?it/s]
Episode 55 - Time 749 - Avg reward: -4.3888 - Loss: 544.39 - Action counts: [5.30461289e+00 5.43102535e-01 1.38956317e+01 7.08719748e+01
 1.83844846e-01 3.46599576e-01 3.08405560e+00 5.26837292e+00
 4.55025883e-01 6.05765532e-03 6.25726323e-03 5.18103685e-03
 5.64894018e-03 6.61848168e-03 6.24727674e-03 5.44640940e-03
 5.32218728e-03]
  0%|          | 0/750 [00:00<?, ?it/s]
Episode 56 - Time 749 - Avg reward: -6.2708 - Loss: 572.32 - Action counts: [5.22625716e+00 5.35454711e-01 1.36534622e+01 7.13522805e+01
 1.81020934e-01 3.43520969e-01 3.03313545e+00 5.18004362e+00
 4.48858885e-01 5.95232133e-03 6.14863058e-03 5.09124030e-03
 5.55085037e-03 6.50392520e-03 6.13738556e-03 5.35167006e-03
 5.22953006e-03]
  0%|          | 0/750 [00:00<?, ?it/s]
Episode 57 - Time 749 - Avg reward: -3.9098 - Loss: 647.45 - Action counts: [5.19757261e+00 5.28534238e-01 1.34216234e+01 7.17616131e+01
 1.78382495e-01 3.41731754e-01 2.98501362e+00 5.09676466e+00
 4.43576143e-01 5.85199221e-03 6.04536198e-03 5.00574968e-03
 5.45643643e-03 6.39331002e-03 6.03243148e-03 5.26118586e-03
 5.14151995e-03]
  0%|          | 0/750 [00:00<?, ?it/s]
Episode 58 - Time 749 - Avg reward: -4.7620 - Loss: 1082.61 - Action counts: [5.36066981e+00 5.21453358e-01 1.31941507e+01 7.19734632e+01
 1.75691729e-01 3.39685831e-01 2.93747609e+00 5.01488450e+00
 4.38102600e-01 5.75293674e-03 5.94330358e-03 4.92123696e-03
 5.36377055e-03 6.28453153e-03 5.92967295e-03 5.17213306e-03
 5.05453995e-03]
  0%|          | 0/750 [00:00<?, ?it/s]
Episode 59 - Time 749 - Avg reward: -4.0160 - Loss: 1895.33 - Action counts: [5.85873436e+00 5.15413739e-01 1.29724825e+01 7.18340975e+01
 1.73257392e-01 3.39335668e-01 2.89240084e+00 4.93694476e+00
 4.33655820e-01 5.65781743e-03 5.84477297e-03 4.83893624e-03
 5.27380370e-03 6.17850054e-03 5.82933524e-03 5.08503195e-03
 4.96924891e-03]
  0%|          | 0/750 [00:00<?, ?it/s]
Episode 60 - Time 749 - Avg reward: -6.2541 - Loss: 1840.30 - Action counts: [6.35564165e+00 5.09044703e-01 1.27605591e+01 7.16846199e+01
 1.70786559e-01 3.37923867e-01 2.84840393e+00 4.86128707e+00
 4.28771771e-01 5.56618015e-03 5.74922311e-03 4.76023307e-03
 5.18792857e-03 6.07646821e-03 5.73281621e-03 5.00142565e-03
 4.88713542e-03]
  0%|          | 0/750 [00:00<?, ?it/s]
Episode 61 - Time 749 - Avg reward: -4.6586 - Loss: 1731.68 - Action counts: [7.20554732e+00 5.02994202e-01 1.25514939e+01 7.11756497e+01
 1.68426684e-01 3.37014675e-01 2.80538040e+00 4.78696586e+00
 4.24268392e-01 5.47480325e-03 5.65465578e-03 4.68285955e-03
 5.10280808e-03 5.97650293e-03 5.63951262e-03 4.92010249e-03
 4.80762607e-03]
  0%|          | 0/750 [00:00<?, ?it/s]
Episode 62 - Time 749 - Avg reward: -5.8402 - Loss: 1463.96 - Action counts: [8.15133952e+00 4.96547918e-01 1.23522706e+01 7.05600649e+01
 1.66029599e-01 3.34814705e-01 2.76334753e+00 4.71481715e+00
 4.19180377e-01 5.38826782e-03 5.56456245e-03 4.60881452e-03
 5.02207591e-03 5.88163369e-03 5.55009614e-03 4.84146298e-03
 4.73080652e-03]
  0%|          | 0/750 [00:00<?, ?it/s]
Episode 63 - Time 749 - Avg reward: -5.4810 - Loss: 1993.88 - Action counts: [8.83934191e+00 4.91027169e-01 1.21608871e+01 7.01836787e+01
 1.63902787e-01 3.34024680e-01 2.72406792e+00 4.64707832e+00
 4.15046448e-01 5.30578840e-03 5.47821085e-03 4.53758953e-03
 4.94394559e-03 5.79065351e-03 5.46408135e-03 4.76610506e-03
 4.65859334e-03]
  0%|          | 0/750 [00:00<?, ?it/s]
Episode 64 - Time 749 - Avg reward: -4.6881 - Loss: 1713.13 - Action counts: [9.72532250e+00 4.85532251e-01 1.19719240e+01 6.96060597e+01
 1.61792198e-01 3.33278542e-01 2.68508004e+00 4.57975745e+00
 4.10942109e-01 5.22409064e-03 5.39354717e-03 4.46723361e-03
 4.86751062e-03 5.70078512e-03 5.37818004e-03 4.69167727e-03
 4.58818438e-03]
  0%|          | 0/750 [00:00<?, ?it/s]
Episode 65 - Time 749 - Avg reward: -3.5074 - Loss: 1518.42 - Action counts: [1.04410376e+01 4.80115127e-01 1.17919966e+01 6.91853083e+01
 1.59733448e-01 3.32179981e-01 2.64774962e+00 4.51531013e+00
 4.06866165e-01 5.14554701e-03 5.31166520e-03 4.40048531e-03
 4.79385813e-03 5.61498014e-03 5.29632963e-03 4.62104992e-03
 4.51915586e-03]
  0%|          | 0/750 [00:00<?, ?it/s]
Episode 66 - Time 749 - Avg reward: -6.7865 - Loss: 1855.13 - Action counts: [1.07249015e+01 4.75607657e-01 1.16227125e+01 6.91745636e+01
 1.57965514e-01 3.31956141e-01 2.61355123e+00 4.45587773e+00
 4.03726994e-01 5.07240344e-03 5.23534250e-03 4.33882279e-03
 4.72533411e-03 5.53435139e-03 5.22074186e-03 4.55489195e-03
 4.45532371e-03]
  0%|          | 0/750 [00:00<?, ?it/s]
Episode 67 - Time 749 - Avg reward: -5.7609 - Loss: 1709.41 - Action counts: [1.10365101e+01 4.70748255e-01 1.14521923e+01 6.91399759e+01
 1.56075462e-01 3.31314841e-01 2.57869660e+00 4.39562131e+00
 4.00301848e-01 4.99750712e-03 5.15867515e-03 4.27574594e-03
 4.65629822e-03 5.45315131e-03 5.14369671e-03 4.48794053e-03
 4.39028109e-03]
  0%|          | 0/750 [00:00<?, ?it/s]
Episode 68 - Time 749 - Avg reward: -6.6052 - Loss: 2020.83 - Action counts: [1.12356649e+01 4.66350417e-01 1.12856748e+01 6.92085003e+01
 1.54341213e-01 3.31289316e-01 2.54543362e+00 4.33739271e+00
 3.97348008e-01 4.92580012e-03 5.08443358e-03 4.21494912e-03
 4.58837209e-03 5.37377001e-03 5.06840305e-03 4.42177254e-03
 4.32726122e-03]
  0%|          | 0/750 [00:00<?, ?it/s]
Episode 69 - Time 749 - Avg reward: -4.4093 - Loss: 963.98 - Action counts: [1.14724151e+01 4.61812674e-01 1.11298897e+01 6.92261864e+01
 1.52633885e-01 3.30071071e-01 2.51359616e+00 4.28176199e+00
 3.94144434e-01 4.85886646e-03 5.01543522e-03 4.15862120e-03
 4.52585490e-03 5.30065210e-03 4.99905124e-03 4.36172432e-03
 4.26836474e-03]
  0%|          | 0/750 [00:00<?, ?it/s]
Episode 70 - Time 749 - Avg reward: -4.4789 - Loss: 1533.87 - Action counts: [1.16942546e+01 4.57085075e-01 1.09773410e+01 6.92555259e+01
 1.50895013e-01 3.28443722e-01 2.48205522e+00 4.22668251e+00
 3.90744067e-01 4.79209896e-03 4.94636214e-03 4.10164216e-03
 4.46369232e-03 5.22755316e-03 4.92973154e-03 4.30187845e-03
 4.20993224e-03]
  0%|          | 0/750 [00:00<?, ?it/s]
Episode 71 - Time 749 - Avg reward: -5.7919 - Loss: 1188.29 - Action counts: [1.18170843e+01 4.52086251e-01 1.08245113e+01 6.93867018e+01
 1.49080790e-01 3.26332083e-01 2.44999439e+00 4.17074780e+00
 3.87004533e-01 4.72535826e-03 4.87723300e-03 4.04484261e-03
 4.40078725e-03 5.15460225e-03 4.86112222e-03 4.24203481e-03
 4.15083459e-03]
  0%|          | 0/750 [00:00<?, ?it/s]
Episode 72 - Time 749 - Avg reward: -6.1980 - Loss: 1246.72 - Action counts: [1.18498204e+01 4.48104317e-01 1.06769221e+01 6.95923291e+01
 1.47568534e-01 3.26082506e-01 2.42041981e+00 4.11828874e+00
 3.84497520e-01 4.66098579e-03 4.81265544e-03 3.99124307e-03
 4.34092846e-03 5.08525215e-03 4.79556590e-03 4.18554369e-03
 4.09480196e-03]
  0%|          | 0/750 [00:00<?, ?it/s]
Episode 73 - Time 749 - Avg reward: -6.2549 - Loss: 638.68 - Action counts: [1.18496305e+01 4.43167742e-01 1.05333949e+01 6.98323993e+01
 1.45832723e-01 3.23975620e-01 2.38993439e+00 4.06540736e+00
 3.80770467e-01 4.59884529e-03 4.74806387e-03 3.93812482e-03
 4.28318707e-03 5.01819623e-03 4.73130083e-03 4.12948002e-03
 4.03980231e-03]
  0%|          | 0/750 [00:00<?, ?it/s]
Episode 74 - Time 749 - Avg reward: -5.3837 - Loss: 1343.92 - Action counts: [1.19447745e+01 4.38651754e-01 1.03931390e+01 6.99677329e+01
 1.44187506e-01 3.23001236e-01 2.36085084e+00 4.01498382e+00
 3.77665877e-01 4.53752163e-03 4.68486957e-03 3.88561314e-03
 4.22529938e-03 4.95110770e-03 4.66788526e-03 4.07433775e-03
 3.98598319e-03]
  0%|          | 0/750 [00:00<?, ?it/s]
Episode 75 - Time 749 - Avg reward: -5.0954 - Loss: 1308.34 - Action counts: [1.22984605e+01 4.34077069e-01 1.02567653e+01 6.98393605e+01
 1.42554341e-01 3.21489432e-01 2.33240151e+00 3.96585325e+00
 3.74483582e-01 4.47798725e-03 4.62361720e-03 3.83539733e-03
 4.16970452e-03 4.88626804e-03 4.60659436e-03 4.02095520e-03
 3.93396938e-03]
  0%|          | 0/750 [00:00<?, ?it/s]
Episode 76 - Time 749 - Avg reward: -7.5229 - Loss: 1521.96 - Action counts: [1.25859629e+01 4.30041191e-01 1.01240712e+01 6.97681921e+01
 1.41060310e-01 3.20587400e-01 2.30556794e+00 3.91864043e+00
 3.71770687e-01 4.42012378e-03 4.56336649e-03 3.78551194e-03
 4.11570003e-03 4.82285652e-03 4.54657131e-03 3.96876413e-03
 3.88302954e-03]
  0%|          | 0/750 [00:00<?, ?it/s]
Episode 77 - Time 749 - Avg reward: -6.5765 - Loss: 1607.04 - Action counts: [1.29205751e+01 4.26104675e-01 9.99648872e+00 6.96426545e+01
 1.39618486e-01 3.19415757e-01 2.27953830e+00 3.87296479e+00
 3.68963638e-01 4.36490838e-03 4.50619901e-03 3.73821328e-03
 4.06332059e-03 4.76222318e-03 4.48858108e-03 3.91829808e-03
 3.83428744e-03]
  0%|          | 0/750 [00:00<?, ?it/s]
Episode 78 - Time 749 - Avg reward: -5.6925 - Loss: 1079.79 - Action counts: [1.37634959e+01 4.22121178e-01 9.86996408e+00 6.90075395e+01
 1.38189551e-01 3.18155986e-01 2.25348938e+00 3.82766005e+00
 3.66131691e-01 4.31028349e-03 4.44973107e-03 3.69176325e-03
 4.01220145e-03 4.70190163e-03 4.43182901e-03 3.86881371e-03
 3.78615590e-03]
  0%|          | 0/750 [00:00<?, ?it/s]
Episode 79 - Time 749 - Avg reward: -5.1378 - Loss: 1394.71 - Action counts: [1.46119536e+01 4.18549142e-01 9.74956944e+00 6.83554313e+01
 1.36895723e-01 3.17229479e-01 2.22904477e+00 3.78468075e+00
 3.63793407e-01 4.25900210e-03 4.39668664e-03 3.64787898e-03
 3.96299727e-03 4.64423125e-03 4.37757318e-03 3.82260641e-03
 3.74141651e-03]
  0%|          | 0/750 [00:00<?, ?it/s]
Episode 80 - Time 749 - Avg reward: -5.5392 - Loss: 1291.50 - Action counts: [1.54675522e+01 4.15274202e-01 9.63335811e+00 6.76876561e+01
 1.35681210e-01 3.16565211e-01 2.20577891e+00 3.74395937e+00
 3.61711205e-01 4.20879384e-03 4.34494129e-03 3.60548522e-03
 3.91611858e-03 4.58892086e-03 4.32531267e-03 3.77729829e-03
 3.69652861e-03]
  0%|          | 0/750 [00:00<?, ?it/s]
Episode 81 - Time 749 - Avg reward: -4.4097 - Loss: 1041.80 - Action counts: [1.63506751e+01 4.11727564e-01 9.51799328e+00 6.69934054e+01
 1.34389514e-01 3.15243193e-01 2.18220766e+00 3.70304539e+00
 3.59237587e-01 4.15799769e-03 4.29328687e-03 3.56313773e-03
 3.86927076e-03 4.53350767e-03 4.27365344e-03 3.73167176e-03
 3.65280806e-03]
  0%|          | 0/750 [00:00<?, ?it/s]
Episode 82 - Time 749 - Avg reward: -5.5849 - Loss: 892.95 - Action counts: [1.72472196e+01 4.07905115e-01 9.40437347e+00 6.62853315e+01
 1.33056193e-01 3.13522429e-01 2.15834716e+00 3.66211885e+00
 3.56432650e-01 4.10854070e-03 4.24241742e-03 3.52096609e-03
 3.82294244e-03 4.47879989e-03 4.22245407e-03 3.68743605e-03
 3.60945673e-03]
  0%|          | 0/750 [00:00<?, ?it/s]
Episode 83 - Time 749 - Avg reward: -3.5319 - Loss: 553.11 - Action counts: [1.81905247e+01 4.04278698e-01 9.29276829e+00 6.55255385e+01
 1.31858277e-01 3.12115821e-01 2.13506885e+00 3.62255932e+00
 3.53966945e-01 4.05967910e-03 4.19312904e-03 3.47959846e-03
 3.77893520e-03 4.42590179e-03 4.17212154e-03 3.64411696e-03
 3.56716995e-03]
  0%|          | 0/750 [00:00<?, ?it/s]
Episode 84 - Time 749 - Avg reward: -5.8965 - Loss: 715.39 - Action counts: [1.91524037e+01 4.00683748e-01 9.18302881e+00 6.47443719e+01
 1.30728068e-01 3.11255202e-01 2.11181476e+00 3.58370329e+00
 3.51056591e-01 4.01174591e-03 4.14437613e-03 3.43932091e-03
 3.73431976e-03 4.37425259e-03 4.12274818e-03 3.60153052e-03
 3.52567367e-03]
  0%|          | 0/750 [00:00<?, ?it/s]
Episode 85 - Time 749 - Avg reward: -5.1636 - Loss: 1432.96 - Action counts: [2.00626838e+01 3.98171552e-01 9.07724034e+00 6.39937759e+01
 1.29860658e-01 3.10790140e-01 2.09164489e+00 3.55645866e+00
 3.48767425e-01 3.96670426e-03 4.09767071e-03 3.40041382e-03
 3.69337956e-03 4.32479969e-03 4.07567275e-03 3.56107752e-03
 3.48691296e-03]
  0%|          | 0/750 [00:00<?, ?it/s]
Episode 86 - Time 749 - Avg reward: -4.6851 - Loss: 960.33 - Action counts: [2.09235047e+01 3.94692410e-01 8.97462671e+00 6.32698609e+01
 1.28688034e-01 3.08288269e-01 2.07002038e+00 3.55446596e+00
 3.45588684e-01 3.92229675e-03 4.05097430e-03 3.36332210e-03
 3.65205060e-03 4.27672303e-03 4.02946333e-03 3.52104334e-03
 3.44804582e-03]
  0%|          | 0/750 [00:00<?, ?it/s]
Episode 87 - Time 749 - Avg reward: -4.9148 - Loss: 1341.92 - Action counts: [2.17052512e+01 3.91195744e-01 8.87257086e+00 6.25473254e+01
 1.27479269e-01 3.05705529e-01 2.04827226e+00 3.62990326e+00
 3.42375652e-01 3.87767100e-03 4.00516385e-03 3.32486935e-03
 3.61101827e-03 4.22837229e-03 3.98390225e-03 3.48068542e-03
 3.40914819e-03]
  0%|          | 0/750 [00:00<?, ?it/s]
Episode 88 - Time 749 - Avg reward: -4.6660 - Loss: 1009.51 - Action counts: [2.24934226e+01 3.87803524e-01 8.77411523e+00 6.18450085e+01
 1.26339855e-01 3.03202797e-01 2.02724446e+00 3.67400515e+00
 3.39265153e-01 3.83533574e-03 3.96153854e-03 3.28825457e-03
 3.57147095e-03 4.18191913e-03 3.93983439e-03 3.44276383e-03
 3.37158029e-03]
  0%|          | 0/750 [00:00<?, ?it/s]
Episode 89 - Time 749 - Avg reward: -4.7143 - Loss: 546.98 - Action counts: [2.32911194e+01 3.84490248e-01 8.67908258e+00 6.11667391e+01
 1.25226137e-01 3.00885576e-01 2.00717815e+00 3.67972438e+00
 3.36276043e-01 3.79433117e-03 3.91936540e-03 3.25359188e-03
 3.53360552e-03 4.13768748e-03 3.89737558e-03 3.40601957e-03
 3.33637265e-03]
  0%|          | 0/750 [00:00<?, ?it/s]
Episode 90 - Time 749 - Avg reward: -4.6558 - Loss: 675.70 - Action counts: [2.41282250e+01 3.81914305e-01 8.58373516e+00 6.04835965e+01
 1.24009115e-01 2.98489210e-01 1.98725050e+00 3.65066732e+00
 3.33153164e-01 3.75324878e-03 3.87658348e-03 3.21842734e-03
 3.49567070e-03 4.09238212e-03 3.85432090e-03 3.36869977e-03
 3.30035364e-03]
  0%|          | 0/750 [00:00<?, ?it/s]
Episode 91 - Time 749 - Avg reward: -4.9623 - Loss: 824.45 - Action counts: [2.49564229e+01 3.78377508e-01 8.48819521e+00 5.97982765e+01
 1.22695496e-01 2.95439241e-01 1.96991188e+00 3.63172754e+00
 3.30316211e-01 3.71162254e-03 3.83333553e-03 3.18221873e-03
 3.45704504e-03 4.04719530e-03 3.81125258e-03 3.33115023e-03
 3.26372755e-03]
  0%|          | 0/750 [00:00<?, ?it/s]
Episode 92 - Time 749 - Avg reward: -5.2380 - Loss: 1006.67 - Action counts: [2.57422595e+01 3.75079909e-01 8.39591936e+00 5.91352006e+01
 1.21448605e-01 2.92557179e-01 1.95411789e+00 3.62726449e+00
 3.27824060e-01 3.67154613e-03 3.79146918e-03 3.14752665e-03
 3.41994713e-03 4.00345657e-03 3.77013985e-03 3.29552606e-03
 3.22878123e-03]
  0%|          | 0/750 [00:00<?, ?it/s]
Episode 93 - Time 749 - Avg reward: -6.0904 - Loss: 1986.91 - Action counts: [2.62300972e+01 3.71618726e-01 8.30739213e+00 5.85026722e+01
 1.20216342e-01 2.89673463e-01 1.93725348e+00 3.88764900e+00
 3.25397477e-01 3.63266713e-03 3.75144742e-03 3.11405303e-03
 3.38477160e-03 3.96130455e-03 3.73013156e-03 3.26068030e-03
 3.19493846e-03]
  0%|          | 0/750 [00:00<?, ?it/s]
Episode 94 - Time 749 - Avg reward: -5.4781 - Loss: 2090.88 - Action counts: [2.64734913e+01 3.68106113e-01 8.21929822e+00 5.78740649e+01
 1.18982480e-01 2.86770261e-01 1.92001714e+00 4.38865498e+00
 3.22883415e-01 3.59417654e-03 3.71132239e-03 3.08086474e-03
 3.34888024e-03 3.91877703e-03 3.69009414e-03 3.22612559e-03
 3.16094990e-03]
  0%|          | 0/750 [00:00<?, ?it/s]
Episode 95 - Time 749 - Avg reward: -4.9354 - Loss: 1506.91 - Action counts: [2.64717056e+01 3.64683185e-01 8.13604983e+00 5.72817854e+01
 1.17804898e-01 2.83982285e-01 1.90301788e+00 5.09321972e+00
 3.20301443e-01 3.55781652e-03 3.67390178e-03 3.04948675e-03
 3.31475422e-03 3.87908881e-03 3.65246958e-03 3.19325821e-03
 3.12896159e-03]
  0%|          | 0/750 [00:00<?, ?it/s]
Episode 96 - Time 749 - Avg reward: -5.2917 - Loss: 1982.77 - Action counts: [2.64736499e+01 3.61485674e-01 8.05279845e+00 5.66856243e+01
 1.16655174e-01 2.81306116e-01 1.88745057e+00 5.79570808e+00
 3.18151662e-01 3.52129826e-03 3.63624111e-03 3.01806691e-03
 3.28160800e-03 3.83998132e-03 3.61517173e-03 3.16075459e-03
 3.09699017e-03]
  0%|          | 0/750 [00:00<?, ?it/s]
Episode 97 - Time 749 - Avg reward: -4.0310 - Loss: 1515.64 - Action counts: [2.66822123e+01 3.58363010e-01 7.97207863e+00 5.61077632e+01
 1.15529233e-01 2.78689108e-01 1.87255353e+00 6.26985218e+00
 3.16060994e-01 3.48584033e-03 3.59933248e-03 2.98782381e-03
 3.24894524e-03 3.80147103e-03 3.57875386e-03 3.12891472e-03
 3.06669707e-03]
  0%|          | 0/750 [00:00<?, ?it/s]
Episode 98 - Time 749 - Avg reward: -4.6056 - Loss: 1773.23 - Action counts: [2.70442095e+01 3.55217135e-01 7.89019223e+00 5.55209164e+01
 1.14392471e-01 2.76045691e-01 1.85773810e+00 6.60070312e+00
 3.13963513e-01 3.45028170e-03 3.56224237e-03 2.95708272e-03
 3.21587257e-03 3.76266830e-03 3.54174349e-03 3.09676114e-03
 3.03526450e-03]
  0%|          | 0/750 [00:00<?, ?it/s]
Episode 99 - Time 749 - Avg reward: -5.0019 - Loss: 1594.16 - Action counts: [2.73502845e+01 3.51971284e-01 7.81075603e+00 5.49555661e+01
 1.13267330e-01 2.73391225e-01 1.84216830e+00 6.96472359e+00
 3.11517496e-01 3.41540769e-03 3.52683243e-03 2.92690490e-03
 3.18386262e-03 3.72474111e-03 3.50573386e-03 3.06589934e-03
 3.00476066e-03]
  0%|          | 0/750 [00:00<?, ?it/s]
Episode 100 - Time 749 - Avg reward: -4.4842 - Loss: 1507.99 - Action counts: [2.77809200e+01 3.49042680e-01 7.73404740e+00 5.44053445e+01
 1.12201160e-01 2.70911886e-01 1.82921513e+00 7.18265737e+00
 3.09564022e-01 3.38169242e-03 3.49199763e-03 2.89789760e-03
 3.15340799e-03 3.68811804e-03 3.47104431e-03 3.03582917e-03
 2.97583861e-03]
  0%|          | 0/750 [00:00<?, ?it/s]
Episode 101 - Time 749 - Avg reward: -3.9290 - Loss: 1619.62 - Action counts: [2.79536025e+01 3.46167843e-01 7.65880412e+00 5.38654917e+01
 1.11157027e-01 2.68475819e-01 1.81623943e+00 7.64658970e+00
 3.07629302e-01 3.34914955e-03 3.45769598e-03 2.86964255e-03
 3.12293958e-03 3.65219426e-03 3.43721552e-03 3.00679556e-03
 2.94693977e-03]
  0%|          | 0/750 [00:00<?, ?it/s]
Episode 102 - Time 749 - Avg reward: -5.2929 - Loss: 1470.96 - Action counts: [2.80340054e+01 3.43179882e-01 7.58447770e+00 5.33351027e+01
 1.10111110e-01 2.66019794e-01 1.80231620e+00 8.19378158e+00
 3.05414076e-01 3.31680659e-03 3.42395439e-03 2.84170618e-03
 3.09256810e-03 3.61666344e-03 3.40380694e-03 2.97743981e-03
 2.91856740e-03]
  0%|          | 0/750 [00:00<?, ?it/s]
Episode 103 - Time 749 - Avg reward: -4.9910 - Loss: 1434.10 - Action counts: [2.81351143e+01 3.40320415e-01 7.51225653e+00 5.28191916e+01
 1.09102436e-01 2.63654871e-01 1.78918006e+00 8.70248410e+00
 3.03348071e-01 3.28495359e-03 3.39145061e-03 2.81446221e-03
 3.06353826e-03 3.58222538e-03 3.37117472e-03 2.94913818e-03
 2.89064256e-03]
  0%|          | 0/750 [00:00<?, ?it/s]
Episode 104 - Time 749 - Avg reward: -3.8393 - Loss: 1055.78 - Action counts: [2.80338868e+01 3.37198753e-01 7.43798423e+00 5.22918086e+01
 1.08047060e-01 2.61152036e-01 1.77400725e+00 9.42992732e+00
 3.00890329e-01 3.25267325e-03 3.35823330e-03 2.78650314e-03
 3.03366501e-03 3.54703572e-03 3.33758304e-03 2.91983202e-03
 2.86217802e-03]
  0%|          | 0/750 [00:00<?, ?it/s]
Episode 105 - Time 749 - Avg reward: -3.8111 - Loss: 915.38 - Action counts: [2.79412519e+01 3.34270558e-01 7.36669886e+00 5.17843134e+01
 1.07046054e-01 2.58781880e-01 1.75992534e+00 1.01241802e+01
 2.98674867e-01 3.22122656e-03 3.32595040e-03 2.75965417e-03
 3.00523761e-03 3.51310695e-03 3.30531047e-03 2.89187675e-03
 2.83459300e-03]
  0%|          | 0/750 [00:00<?, ?it/s]
Episode 106 - Time 749 - Avg reward: -3.4085 - Loss: 809.01 - Action counts: [2.77849763e+01 3.31350721e-01 7.29647622e+00 5.12854326e+01
 1.06051899e-01 2.56422816e-01 1.74557209e+00 1.08727066e+01
 2.96390915e-01 3.19038863e-03 3.29441620e-03 2.73320819e-03
 2.97642139e-03 3.47982932e-03 3.27384969e-03 2.86409174e-03
 2.80773822e-03]
  0%|          | 0/750 [00:00<?, ?it/s]
Episode 107 - Time 749 - Avg reward: -4.9572 - Loss: 942.90 - Action counts: [2.77085128e+01 3.28583517e-01 7.22875482e+00 5.08030635e+01
 1.05095890e-01 2.54168986e-01 1.73235851e+00 1.15207502e+01
 2.94320812e-01 3.16062265e-03 3.26373181e-03 2.70775230e-03
 2.94885950e-03 3.44758384e-03 3.24329688e-03 2.83752654e-03
 2.78164200e-03]
  0%|          | 0/750 [00:00<?, ?it/s]
Episode 108 - Time 749 - Avg reward: -4.1726 - Loss: 262.75 - Action counts: [2.75427538e+01 3.25778238e-01 7.16110183e+00 5.03218089e+01
 1.04140865e-01 2.51903660e-01 1.71879809e+00 1.22573758e+01
 2.92175524e-01 3.13123995e-03 3.23330871e-03 2.68223615e-03
 2.92154851e-03 3.41541567e-03 3.21263577e-03 2.81121058e-03
 2.75560964e-03]
  0%|          | 0/750 [00:00<?, ?it/s]
Episode 109 - Time 749 - Avg reward: -4.2886 - Loss: 143.79 - Action counts: [2.73031526e+01 3.22966264e-01 7.09598930e+00 4.98612494e+01
 1.03209117e-01 2.49677419e-01 1.70457128e+00 1.30453859e+01
 2.89854725e-01 3.10279093e-03 3.20374093e-03 2.65784050e-03
 2.89526561e-03 3.38442370e-03 3.18344087e-03 2.78575534e-03
 2.73078620e-03]
  0%|          | 0/750 [00:00<?, ?it/s]
Episode 110 - Time 749 - Avg reward: -5.4852 - Loss: -110.28 - Action counts: [2.70685525e+01 3.20223581e-01 7.03303756e+00 4.94150829e+01
 1.02313601e-01 2.47514225e-01 1.69023011e+00 1.38118443e+01
 2.87469691e-01 3.07523140e-03 3.17527686e-03 2.63426786e-03
 2.86986855e-03 3.35415887e-03 3.15491631e-03 2.76121834e-03
 2.70655995e-03]
  0%|          | 0/750 [00:00<?, ?it/s]
Episode 111 - Time 749 - Avg reward: -6.0190 - Loss: 73.38 - Action counts: [2.68449469e+01 3.17554420e-01 6.97122751e+00 4.89759905e+01
 1.01438200e-01 2.45398868e-01 1.67623924e+00 1.45585140e+01
 2.85167694e-01 3.04828393e-03 3.14749910e-03 2.61088437e-03
 2.84516910e-03 3.32442881e-03 3.12683928e-03 2.73706541e-03
 2.68259316e-03]
  0%|          | 0/750 [00:00<?, ?it/s]
Episode 112 - Time 749 - Avg reward: -6.9460 - Loss: 107.41 - Action counts: [2.66100826e+01 3.14901392e-01 6.91045499e+00 4.85451792e+01
 1.00572489e-01 2.43307142e-01 1.66225043e+00 1.53070723e+01
 2.82862369e-01 3.02161372e-03 3.12001455e-03 2.58800718e-03
 2.82058554e-03 3.29526683e-03 3.09941764e-03 2.71313636e-03
 2.65908437e-03]
  0%|          | 0/750 [00:00<?, ?it/s]
Episode 113 - Time 749 - Avg reward: -4.6304 - Loss: 39.31 - Action counts: [2.63714577e+01 3.12134466e-01 6.84880837e+00 4.81081504e+01
 9.96783823e-02 2.41131814e-01 1.64739947e+00 1.60677441e+01
 2.80387593e-01 2.99445380e-03 3.09190923e-03 2.56469423e-03
 2.79529548e-03 3.26570082e-03 3.07155685e-03 2.68887321e-03
 2.63524913e-03]
  0%|          | 0/750 [00:00<?, ?it/s]
Episode 114 - Time 749 - Avg reward: -4.3331 - Loss: -8.91 - Action counts: [2.61418255e+01 3.09453436e-01 6.78865670e+00 4.76794780e+01
 9.88100816e-02 2.39005470e-01 1.63287236e+00 1.68090031e+01
 2.77992665e-01 2.96792444e-03 3.06439382e-03 2.54182209e-03
 2.77071763e-03 3.23663552e-03 3.04422295e-03 2.66501057e-03
 2.61192318e-03]
  0%|          | 0/750 [00:00<?, ?it/s]
Episode 115 - Time 749 - Avg reward: -3.9657 - Loss: -65.07 - Action counts: [2.59247932e+01 3.06927627e-01 6.73173684e+00 4.72729297e+01
 9.79901075e-02 2.36995178e-01 1.61912941e+00 1.75110539e+01
 2.75736201e-01 2.94264970e-03 3.03823770e-03 2.52018435e-03
 2.74735802e-03 3.20918314e-03 3.01823900e-03 2.64226339e-03
 2.58968709e-03]
  0%|          | 0/750 [00:00<?, ?it/s]
Episode 116 - Time 749 - Avg reward: -5.6057 - Loss: 139.28 - Action counts: [2.57015896e+01 3.04358409e-01 6.67379421e+00 4.68590644e+01
 9.71551777e-02 2.34948285e-01 1.60513327e+00 1.82280076e+01
 2.73438905e-01 2.91686062e-03 3.01172581e-03 2.49832755e-03
 2.72368267e-03 3.18117310e-03 2.99190238e-03 2.61945161e-03
 2.56699133e-03]
  0%|          | 0/750 [00:00<?, ?it/s]
Episode 117 - Time 749 - Avg reward: -5.0828 - Loss: -40.81 - Action counts: [2.54816765e+01 3.01849528e-01 6.61673906e+00 4.64505625e+01
 9.63361748e-02 2.32934393e-01 1.59135948e+00 1.89350293e+01
 2.71198017e-01 2.89151545e-03 2.98566656e-03 2.47669240e-03
 2.70019448e-03 3.15352095e-03 2.96607310e-03 2.59675927e-03
 2.54469991e-03]
  0%|          | 0/750 [00:00<?, ?it/s]
Episode 118 - Time 749 - Avg reward: -4.5417 - Loss: 35.23 - Action counts: [2.52798085e+01 2.99462970e-01 6.56214232e+00 4.60583057e+01
 9.55569186e-02 2.31005844e-01 1.57816665e+00 1.96043514e+01
 2.69071246e-01 2.86717461e-03 2.96058595e-03 2.45602918e-03
 2.67803642e-03 3.12713374e-03 2.94104525e-03 2.57513711e-03
 2.52334860e-03]
  0%|          | 0/750 [00:00<?, ?it/s]
Episode 119 - Time 749 - Avg reward: -4.6305 - Loss: 12.43 - Action counts: [2.50792224e+01 2.97106611e-01 6.50838853e+00 4.56722921e+01
 9.47850349e-02 2.29105691e-01 1.56515989e+00 2.02650347e+01
 2.66961082e-01 2.84311367e-03 2.93585312e-03 2.43547452e-03
 2.65589871e-03 3.10100326e-03 2.91647640e-03 2.55375092e-03
 2.50239701e-03]
  0%|          | 0/750 [00:00<?, ?it/s]
Episode 120 - Time 749 - Avg reward: -7.1699 - Loss: 38.68 - Action counts: [2.48855708e+01 2.94809187e-01 6.45674424e+00 4.53046414e+01
 9.40386053e-02 2.27283563e-01 1.55269906e+00 2.08975430e+01
 2.64902327e-01 2.82026157e-03 2.91219824e-03 2.41585131e-03
 2.63466615e-03 3.07623993e-03 2.89308874e-03 2.53328583e-03
 2.48223459e-03]
  0%|          | 0/750 [00:00<?, ?it/s]
Episode 121 - Time 749 - Avg reward: -5.4830 - Loss: 34.53 - Action counts: [2.46917796e+01 2.92551540e-01 6.40475336e+00 4.49300985e+01
 9.32984136e-02 2.25448776e-01 1.54012587e+00 2.15374676e+01
 2.62886874e-01 2.79701817e-03 2.88835882e-03 2.39601178e-03
 2.61362069e-03 3.05087686e-03 2.86918720e-03 2.51258405e-03
 2.46173518e-03]
  0%|          | 0/750 [00:00<?, ?it/s]
Episode 122 - Time 749 - Avg reward: -4.3875 - Loss: 33.67 - Action counts: [2.44920027e+01 2.90232388e-01 6.35235570e+00 4.45560284e+01
 9.25457567e-02 2.23599153e-01 1.52747438e+00 2.21835412e+01
 2.60809562e-01 2.77386948e-03 2.86428493e-03 2.37615077e-03
 2.59249226e-03 3.02572157e-03 2.84538236e-03 2.49164216e-03
 2.44121711e-03]
  0%|          | 0/750 [00:00<?, ?it/s]
Episode 123 - Time 749 - Avg reward: -4.0162 - Loss: -60.29 - Action counts: [2.43021160e+01 2.87887560e-01 6.29970153e+00 4.41807893e+01
 9.17835578e-02 2.21737581e-01 1.51475869e+00 2.28212861e+01
 2.58708750e-01 2.75054086e-03 2.84019414e-03 2.35612062e-03
 2.57085511e-03 3.00026993e-03 2.82150509e-03 2.47080097e-03
 2.42063847e-03]
  0%|          | 0/750 [00:00<?, ?it/s]
Episode 124 - Time 749 - Avg reward: -4.2804 - Loss: 126.12 - Action counts: [2.41075376e+01 2.85663876e-01 6.24947012e+00 4.38224126e+01
 9.10617212e-02 2.19967077e-01 1.50263908e+00 2.34434689e+01
 2.56719215e-01 2.72847409e-03 2.81734561e-03 2.33704176e-03
 2.55030118e-03 2.97606780e-03 2.79859340e-03 2.45089833e-03
 2.40103570e-03]
  0%|          | 0/750 [00:00<?, ?it/s]
Episode 125 - Time 749 - Avg reward: -6.0747 - Loss: 73.31 - Action counts: [2.39275860e+01 2.83575286e-01 6.20231352e+00 4.34851640e+01
 9.03843682e-02 2.18301173e-01 1.49125253e+00 2.40256675e+01
 2.54857530e-01 2.70745174e-03 2.79585180e-03 2.31903532e-03
 2.53081158e-03 2.95313779e-03 2.77719075e-03 2.43206796e-03
 2.38258952e-03]
  0%|          | 0/750 [00:00<?, ?it/s]
Episode 126 - Time 749 - Avg reward: -5.8713 - Loss: -123.46 - Action counts: [2.37485615e+01 2.81420048e-01 6.15379565e+00 4.31383936e+01
 8.96834586e-02 2.16586108e-01 1.47951642e+00 2.46183824e+01
 2.52928620e-01 2.68594555e-03 2.77369286e-03 2.30057673e-03
 2.51087407e-03 2.92967044e-03 2.75512788e-03 2.41270711e-03
 2.36362362e-03]
  0%|          | 0/750 [00:00<?, ?it/s]
Episode 127 - Time 749 - Avg reward: -4.8709 - Loss: -151.46 - Action counts: [2.35748614e+01 2.79256980e-01 6.10525875e+00 4.27917497e+01
 8.89817147e-02 2.14870710e-01 1.46778255e+00 2.52056737e+01
 2.50998289e-01 2.66439369e-03 2.75143521e-03 2.28212458e-03
 2.49083533e-03 2.90615818e-03 2.73317695e-03 2.39335303e-03
 2.34466435e-03]
  0%|          | 0/750 [00:00<?, ?it/s]
Episode 128 - Time 749 - Avg reward: -4.6478 - Loss: 232.73 - Action counts: [2.34094812e+01 2.77252861e-01 6.05953265e+00 4.24618909e+01
 8.83266376e-02 2.13253202e-01 1.45671267e+00 2.57639233e+01
 2.49217879e-01 2.64402971e-03 2.73039916e-03 2.26460804e-03
 2.47191554e-03 2.88387544e-03 2.71207364e-03 2.37502974e-03
 2.32671699e-03]
  0%|          | 0/750 [00:00<?, ?it/s]
Episode 129 - Time 749 - Avg reward: -4.5875 - Loss: 166.45 - Action counts: [2.32412448e+01 2.75233404e-01 6.01335444e+00 4.21285894e+01
 8.76605986e-02 2.11617250e-01 1.44551146e+00 2.63291139e+01
 2.47425090e-01 2.62339660e-03 2.70908699e-03 2.24680309e-03
 2.45320381e-03 2.86135660e-03 2.69085390e-03 2.35651158e-03
 2.30852703e-03]
  0%|          | 0/750 [00:00<?, ?it/s]
Episode 130 - Time 749 - Avg reward: -4.0980 - Loss: 356.12 - Action counts: [2.30912832e+01 2.73227087e-01 5.96755475e+00 4.17977493e+01
 8.70043043e-02 2.09993344e-01 1.43439632e+00 2.68730700e+01
 2.45629918e-01 2.60281331e-03 2.68788094e-03 2.22923317e-03
 2.43436915e-03 2.83885037e-03 2.66968877e-03 2.33833497e-03
 2.29057411e-03]
  0%|          | 0/750 [00:00<?, ?it/s]
Episode 131 - Time 749 - Avg reward: -5.0039 - Loss: 269.12 - Action counts: [2.29626475e+01 2.71291958e-01 5.92341868e+00 4.14783908e+01
 8.63721197e-02 2.08427939e-01 1.42368961e+00 2.73819040e+01
 2.43917583e-01 2.58329608e-03 2.66761083e-03 2.21216880e-03
 2.41624303e-03 2.81727205e-03 2.64935450e-03 2.32053715e-03
 2.27324359e-03]
  0%|          | 0/750 [00:00<?, ?it/s]
Episode 132 - Time 749 - Avg reward: -5.1872 - Loss: 412.92 - Action counts: [2.28400630e+01 2.69376818e-01 5.87987271e+00 4.11632480e+01
 8.57442236e-02 2.06880174e-01 1.41309939e+00 2.78797145e+01
 2.42211998e-01 2.56368537e-03 2.64745934e-03 2.19543316e-03
 2.39835794e-03 2.79593104e-03 2.62929149e-03 2.30312814e-03
 2.25594219e-03]
  0%|          | 0/750 [00:00<?, ?it/s]
Episode 133 - Time 749 - Avg reward: -5.8026 - Loss: 328.05 - Action counts: [2.27134963e+01 2.67465735e-01 5.83701072e+00 4.08557930e+01
 8.51250164e-02 2.05361331e-01 1.40270944e+00 2.83728900e+01
 2.40506539e-01 2.54461129e-03 2.62775870e-03 2.17901313e-03
 2.38057047e-03 2.77506987e-03 2.60962655e-03 2.28600281e-03
 2.23926996e-03]
  0%|          | 0/750 [00:00<?, ?it/s]
Episode 134 - Time 749 - Avg reward: -4.5997 - Loss: -45.06 - Action counts: [2.25662311e+01 2.65561352e-01 5.79400407e+00 4.05456805e+01
 8.45026007e-02 2.03829650e-01 1.39226415e+00 2.88896316e+01
 2.38801235e-01 2.52526715e-03 2.60788189e-03 2.16254768e-03
 2.36287102e-03 2.75422232e-03 2.58983787e-03 2.26887315e-03
 2.22229673e-03]
  0%|          | 0/750 [00:00<?, ?it/s]
Episode 135 - Time 749 - Avg reward: -4.5136 - Loss: -129.28 - Action counts: [2.24099324e+01 2.63673902e-01 5.75187677e+00 4.02449699e+01
 8.38895628e-02 2.02336355e-01 1.38206349e+00 2.94047953e+01
 2.37112353e-01 2.50656894e-03 2.58861968e-03 2.14664097e-03
 2.34567447e-03 2.73387368e-03 2.57061095e-03 2.25207840e-03
 2.20579843e-03]
  0%|          | 0/750 [00:00<?, ?it/s]
Episode 136 - Time 749 - Avg reward: -6.5259 - Loss: 518.34 - Action counts: [2.22877031e+01 2.61844345e-01 5.71065019e+00 3.99478935e+01
 8.32910408e-02 2.00870637e-01 1.37204010e+00 2.98810205e+01
 2.35478358e-01 2.48818706e-03 2.56953333e-03 2.13087074e-03
 2.32902067e-03 2.71400745e-03 2.55165772e-03 2.23547980e-03
 2.18949295e-03]
  0%|          | 0/750 [00:00<?, ?it/s]
Episode 137 - Time 749 - Avg reward: -5.1208 - Loss: 525.66 - Action counts: [2.22015937e+01 2.60092057e-01 5.67071517e+00 3.96572159e+01
 8.27135595e-02 1.99445079e-01 1.36228905e+00 3.03129482e+01
 2.33917903e-01 2.47014412e-03 2.55084871e-03 2.11557867e-03
 2.31242983e-03 2.69446401e-03 2.53315204e-03 2.21923060e-03
 2.17357903e-03]
  0%|          | 0/750 [00:00<?, ?it/s]
Episode 138 - Time 749 - Avg reward: -4.9832 - Loss: -71.51 - Action counts: [2.20808944e+01 2.58299900e-01 5.63065186e+00 3.93682915e+01
 8.21281688e-02 1.98014487e-01 1.35252535e+00 3.07779485e+01
 2.32314721e-01 2.45217132e-03 2.53238366e-03 2.10014436e-03
 2.29575243e-03 2.67485467e-03 2.51481609e-03 2.20313662e-03
 2.15781810e-03]
  0%|          | 0/750 [00:00<?, ?it/s]
Episode 139 - Time 749 - Avg reward: -4.9103 - Loss: 92.87 - Action counts: [2.19363807e+01 2.56549357e-01 5.59118634e+00 3.90822661e+01
 8.15580989e-02 1.96607552e-01 1.34289250e+00 3.12630055e+01
 2.30759268e-01 2.43456583e-03 2.51409862e-03 2.08495692e-03
 2.27942897e-03 2.65548492e-03 2.49656307e-03 2.18719968e-03
 2.14225886e-03]
  0%|          | 0/750 [00:00<?, ?it/s]
Episode 140 - Time 749 - Avg reward: -5.7841 - Loss: 464.06 - Action counts: [2.18174548e+01 2.54782762e-01 5.55198903e+00 3.88011097e+01
 8.09845031e-02 1.95211447e-01 1.33335451e+00 3.17172776e+01
 2.29175657e-01 2.41707939e-03 2.49603938e-03 2.06994084e-03
 2.26334525e-03 2.63640741e-03 2.47872526e-03 2.17158994e-03
 2.12687765e-03]
  0%|          | 0/750 [00:00<?, ?it/s]
Episode 141 - Time 749 - Avg reward: -5.7526 - Loss: 674.67 - Action counts: [2.17657533e+01 2.53106847e-01 5.51426075e+00 3.85257972e+01
 8.04353757e-02 1.93856055e-01 1.32408307e+00 3.20965082e+01
 2.27670356e-01 2.39994789e-03 2.47853561e-03 2.05537099e-03
 2.24777865e-03 2.61771709e-03 2.46120286e-03 2.15639210e-03
 2.11180868e-03]
  0%|          | 0/750 [00:00<?, ?it/s]
Episode 142 - Time 749 - Avg reward: -4.6504 - Loss: 1143.68 - Action counts: [2.17467478e+01 2.51483035e-01 5.47754552e+00 3.82517782e+01
 7.98958569e-02 1.92517014e-01 1.31493314e+00 3.24404814e+01
 2.26220518e-01 2.38283873e-03 2.46091309e-03 2.04085899e-03
 2.23217633e-03 2.59919614e-03 2.44370391e-03 2.14111302e-03
 2.09684744e-03]
  0%|          | 0/750 [00:00<?, ?it/s]
Episode 143 - Time 749 - Avg reward: -4.5187 - Loss: 1128.99 - Action counts: [2.18621195e+01 2.49931811e-01 5.44320514e+00 3.79914402e+01
 7.93853280e-02 1.91249815e-01 1.30624561e+00 3.26333071e+01
 2.24841523e-01 2.36677101e-03 2.44431280e-03 2.02712401e-03
 2.21732260e-03 2.58183887e-03 2.42708130e-03 2.12678733e-03
 2.08268398e-03]
  0%|          | 0/750 [00:00<?, ?it/s]
Episode 144 - Time 749 - Avg reward: -5.6743 - Loss: 1287.89 - Action counts: [2.19762504e+01 2.48394433e-01 5.40974968e+00 3.77316052e+01
 7.88776389e-02 1.89984856e-01 1.29758786e+00 3.28259308e+01
 2.23469214e-01 2.35059180e-03 2.42774076e-03 2.01331950e-03
 2.20267671e-03 2.56432401e-03 2.41048862e-03 2.11234583e-03
 2.06845233e-03]
  0%|          | 0/750 [00:00<?, ?it/s]
Episode 145 - Time 749 - Avg reward: -6.4492 - Loss: 833.83 - Action counts: [2.19800750e+01 2.46932720e-01 5.37756732e+00 3.74838509e+01
 7.83929887e-02 1.88783053e-01 1.28934020e+00 3.31148628e+01
 2.22163023e-01 2.33530309e-03 2.41199017e-03 2.00025085e-03
 2.18868327e-03 2.54753653e-03 2.39462185e-03 2.09862535e-03
 2.05492887e-03]
  0%|          | 0/750 [00:00<?, ?it/s]
Episode 146 - Time 749 - Avg reward: -6.3586 - Loss: 893.09 - Action counts: [2.19085591e+01 2.45383425e-01 5.34373100e+00 3.72209732e+01
 7.78801021e-02 1.87503635e-01 1.28057976e+00 3.34967162e+01
 2.20766603e-01 2.31906788e-03 2.39521584e-03 1.98623426e-03
 2.17379821e-03 2.52990053e-03 2.37792400e-03 2.08419092e-03
 2.04057351e-03]
  0%|          | 0/750 [00:00<?, ?it/s]
Episode 147 - Time 749 - Avg reward: -3.7936 - Loss: 1085.47 - Action counts: [2.18730413e+01 2.43818200e-01 5.31022206e+00 3.69609134e+01
 7.73668594e-02 1.86231069e-01 1.27187920e+00 3.38393851e+01
 2.19360593e-01 2.30287635e-03 2.37849116e-03 1.97237305e-03
 2.15875969e-03 2.51232348e-03 2.36132039e-03 2.06968917e-03
 2.02637715e-03]
  0%|          | 0/750 [00:00<?, ?it/s]
Episode 148 - Time 749 - Avg reward: -4.9396 - Loss: 921.89 - Action counts: [2.18458796e+01 2.42340041e-01 5.27992895e+00 3.67142353e+01
 7.68808197e-02 1.85026563e-01 1.26363098e+00 3.41563862e+01
 2.18026783e-01 2.28765541e-03 2.36258452e-03 1.95936242e-03
 2.14486259e-03 2.49570182e-03 2.34552859e-03 2.05620773e-03
 2.01287035e-03]
  0%|          | 0/750 [00:00<?, ?it/s]
Episode 149 - Time 749 - Avg reward: -4.7629 - Loss: 999.18 - Action counts: [2.18503020e+01 2.40828626e-01 5.24978880e+00 3.64638950e+01
 7.63881760e-02 1.83802144e-01 1.25525311e+00 3.44455228e+01
 2.16673840e-01 2.27211491e-03 2.34680025e-03 1.94606490e-03
 2.13069993e-03 2.47878458e-03 2.32954798e-03 2.04229323e-03
 1.99925194e-03]
  0%|          | 0/750 [00:00<?, ?it/s]
Episode 150 - Time 749 - Avg reward: -5.8530 - Loss: 496.66 - Action counts: [2.17682668e+01 2.39350490e-01 5.21955895e+00 3.62202603e+01
 7.59065034e-02 1.82607952e-01 1.24708730e+00 3.48141845e+01
 2.15347964e-01 2.25703632e-03 2.33108845e-03 1.93316921e-03
 2.11687888e-03 2.46223354e-03 2.31399608e-03 2.02879769e-03
 1.98600017e-03]
  0%|          | 0/750 [00:00<?, ?it/s]
Episode 151 - Time 749 - Avg reward: -5.3366 - Loss: 1270.65 - Action counts: [2.17452292e+01 2.37874083e-01 5.18951507e+00 3.59779256e+01
 7.54300680e-02 1.81420818e-01 1.23895694e+00 3.51223062e+01
 2.14028712e-01 2.24203832e-03 2.31559404e-03 1.92029819e-03
 2.10282045e-03 2.44577179e-03 2.29857215e-03 2.01546201e-03
 1.97277500e-03]
  0%|          | 0/750 [00:00<?, ?it/s]
Episode 152 - Time 749 - Avg reward: -6.1554 - Loss: 1185.44 - Action counts: [2.17563909e+01 2.36539507e-01 5.16205465e+00 3.57462578e+01
 7.49925329e-02 1.80314035e-01 1.23131372e+00 3.53820910e+01
 2.12842041e-01 2.22773436e-03 2.30077124e-03 1.90820349e-03
 2.09007277e-03 2.43019592e-03 2.28390309e-03 2.00275273e-03
 1.96016614e-03]
  0%|          | 0/750 [00:00<?, ?it/s]
Episode 153 - Time 749 - Avg reward: -5.4539 - Loss: 492.96 - Action counts: [2.17012600e+01 2.35113841e-01 5.13171893e+00 3.55156597e+01
 7.45290837e-02 1.79181399e-01 1.22355773e+00 3.57103190e+01
 2.11566723e-01 2.21346924e-03 2.28599062e-03 1.89587260e-03
 2.07691487e-03 2.41462248e-03 2.26914441e-03 1.98994145e-03
 1.94758652e-03]
  0%|          | 0/750 [00:00<?, ?it/s]
Episode 154 - Time 749 - Avg reward: -5.1103 - Loss: 390.27 - Action counts: [2.16092959e+01 2.33741171e-01 5.10142018e+00 3.52868495e+01
 7.40805753e-02 1.78069362e-01 1.21592085e+00 3.60732992e+01
 2.10338852e-01 2.19922227e-03 2.27140520e-03 1.88371930e-03
 2.06393875e-03 2.39924987e-03 2.25453801e-03 1.97726733e-03
 1.93518585e-03]
  0%|          | 0/750 [00:00<?, ?it/s]
Episode 155 - Time 749 - Avg reward: -6.1675 - Loss: 299.93 - Action counts: [2.15038596e+01 2.32357107e-01 5.07084606e+00 3.50634985e+01
 7.36336088e-02 1.76967811e-01 1.20839718e+00 3.64444655e+01
 2.09096664e-01 2.18536556e-03 2.25709086e-03 1.87181984e-03
 2.05136946e-03 2.38421096e-03 2.24037358e-03 1.96477480e-03
 1.92300308e-03]
  0%|          | 0/750 [00:00<?, ?it/s]
Episode 156 - Time 749 - Avg reward: -4.5286 - Loss: 486.17 - Action counts: [2.14100229e+01 2.30983074e-01 5.04059825e+00 3.48378450e+01
 7.31864328e-02 1.75864976e-01 1.20084574e+00 3.68060175e+01
 2.07865843e-01 2.17140079e-03 2.24262086e-03 1.85987704e-03
 2.03848228e-03 2.36887850e-03 2.22601138e-03 1.95223256e-03
 1.91068752e-03]
  0%|          | 0/750 [00:00<?, ?it/s]
Episode 157 - Time 749 - Avg reward: -4.3458 - Loss: 1027.08 - Action counts: [2.13596460e+01 2.29679893e-01 5.01190967e+00 3.46145885e+01
 7.27589206e-02 1.74793428e-01 1.19346685e+00 3.71197920e+01
 2.06700373e-01 2.15778486e-03 2.22837751e-03 1.84813597e-03
 2.02614484e-03 2.35386613e-03 2.21174751e-03 1.93972823e-03
 1.89857747e-03]
  0%|          | 0/750 [00:00<?, ?it/s]
Episode 158 - Time 749 - Avg reward: -4.9611 - Loss: 1084.43 - Action counts: [2.13694365e+01 2.28363885e-01 4.98288847e+00 3.43916139e+01
 7.23313883e-02 1.73717253e-01 1.18607176e+00 3.73734908e+01
 2.05527922e-01 2.14384568e-03 2.21406661e-03 1.83632355e-03
 2.01356184e-03 2.33895532e-03 2.19754404e-03 1.92749274e-03
 1.88635491e-03]
  0%|          | 0/750 [00:00<?, ?it/s]
Episode 159 - Time 749 - Avg reward: -5.8076 - Loss: 1332.83 - Action counts: [2.13766362e+01 2.27111224e-01 4.95524442e+00 3.41792037e+01
 7.19208038e-02 1.72690623e-01 1.17902116e+00 3.76173065e+01
 2.04408153e-01 2.13073514e-03 2.20052114e-03 1.82511767e-03
 2.00150955e-03 2.32463635e-03 2.18397524e-03 1.91588975e-03
 1.87483916e-03]
  0%|          | 0/750 [00:00<?, ?it/s]
Episode 160 - Time 749 - Avg reward: -4.6942 - Loss: 682.01 - Action counts: [2.13214673e+01 2.25801667e-01 4.92646744e+00 3.39591499e+01
 7.14965004e-02 1.71622964e-01 1.17169883e+00 3.79327133e+01
 2.03230024e-01 2.11718664e-03 2.18639723e-03 1.81337585e-03
 1.98875375e-03 2.30979435e-03 2.16991654e-03 1.90376996e-03
 1.86285955e-03]
  0%|          | 0/750 [00:00<?, ?it/s]
Episode 161 - Time 749 - Avg reward: -4.8871 - Loss: 1164.49 - Action counts: [2.13220784e+01 2.24558123e-01 4.89927386e+00 3.37433597e+01
 7.10921135e-02 1.70589305e-01 1.16459469e+00 3.81860962e+01
 2.02107575e-01 2.10393897e-03 2.17274974e-03 1.80189938e-03
 1.97686235e-03 2.29548434e-03 2.15625004e-03 1.89175864e-03
 1.85106766e-03]
  0%|          | 0/750 [00:00<?, ?it/s]
Episode 162 - Time 749 - Avg reward: -4.8139 - Loss: 894.97 - Action counts: [2.13006957e+01 2.23308381e-01 4.87287956e+00 3.35357128e+01
 7.06870162e-02 1.69580600e-01 1.15768224e+00 3.84523203e+01
 2.00982380e-01 2.09108477e-03 2.15951220e-03 1.79094931e-03
 1.96487417e-03 2.28161304e-03 2.14299098e-03 1.88021321e-03
 1.83969101e-03]
  0%|          | 0/750 [00:00<?, ?it/s]
Episode 163 - Time 749 - Avg reward: -6.1506 - Loss: 1082.64 - Action counts: [2.12870226e+01 2.22123371e-01 4.84766642e+00 3.33346538e+01
 7.02997101e-02 1.68609694e-01 1.15103795e+00 3.87026142e+01
 1.99916888e-01 2.07859487e-03 2.14665177e-03 1.78022298e-03
 1.95351071e-03 2.26818194e-03 2.13022988e-03 1.86919532e-03
 1.82875335e-03]
  0%|          | 0/750 [00:00<?, ?it/s]
Episode 164 - Time 749 - Avg reward: -5.3791 - Loss: 1359.87 - Action counts: [2.13146914e+01 2.20884768e-01 4.82192859e+00 3.31284685e+01
 6.98938801e-02 1.67604326e-01 1.14418045e+00 3.89175847e+01
 1.98806619e-01 2.06570838e-03 2.13342454e-03 1.76926747e-03
 1.94188685e-03 2.25436366e-03 2.11702326e-03 1.85764762e-03
 1.81749697e-03]
  0%|          | 0/750 [00:00<?, ?it/s]
Episode 165 - Time 749 - Avg reward: -5.9622 - Loss: 1311.54 - Action counts: [2.13746647e+01 2.19728262e-01 4.79743717e+00 3.29293397e+01
 6.95089531e-02 1.66641798e-01 1.13762652e+00 3.90914179e+01
 1.97772521e-01 2.05353742e-03 2.12068394e-03 1.75868189e-03
 1.93070449e-03 2.24089396e-03 2.10450260e-03 1.84681170e-03
 1.80666098e-03]
  0%|          | 0/750 [00:00<?, ?it/s]
Episode 166 - Time 749 - Avg reward: -6.3125 - Loss: 518.40 - Action counts: [2.13566015e+01 2.18506539e-01 4.77102019e+00 3.27295850e+01
 6.91088155e-02 1.65656033e-01 1.13091078e+00 3.93461691e+01
 1.96675329e-01 2.04113737e-03 2.10791591e-03 1.74799359e-03
 1.91921138e-03 2.22735526e-03 2.09179280e-03 1.83562790e-03
 1.79576131e-03]
  0%|          | 0/750 [00:00<?, ?it/s]
Episode 167 - Time 749 - Avg reward: -6.5421 - Loss: 815.89 - Action counts: [2.13046414e+01 2.17273112e-01 4.74408685e+00 3.25303433e+01
 6.87047305e-02 1.64669517e-01 1.12419206e+00 3.96348550e+01
 1.95562579e-01 2.02885115e-03 2.09506307e-03 1.73745493e-03
 1.90766859e-03 2.21381400e-03 2.07907813e-03 1.82451503e-03
 1.78493139e-03]
  0%|          | 0/750 [00:00<?, ?it/s]
Episode 168 - Time 749 - Avg reward: -5.7365 - Loss: 1537.49 - Action counts: [2.13720308e+01 2.16195606e-01 4.72037663e+00 3.23383855e+01
 6.83431992e-02 1.63750159e-01 1.11789409e+00 3.97928488e+01
 1.94594583e-01 2.01699846e-03 2.08289765e-03 1.72732737e-03
 1.89692959e-03 2.20106443e-03 2.06684884e-03 1.81395131e-03
 1.77456238e-03]
  0%|          | 0/750 [00:00<?, ?it/s]
Episode 169 - Time 749 - Avg reward: -5.4261 - Loss: 1108.46 - Action counts: [2.14565545e+01 2.15139334e-01 4.69615221e+00 3.21499541e+01
 6.79898614e-02 1.62853077e-01 1.11170928e+00 3.99305003e+01
 1.93655534e-01 2.00540366e-03 2.07091758e-03 1.71742604e-03
 1.88639129e-03 2.18874810e-03 2.05496260e-03 1.80350416e-03
 1.76446369e-03]
  0%|          | 0/750 [00:00<?, ?it/s]
Episode 170 - Time 749 - Avg reward: -6.1197 - Loss: 1142.27 - Action counts: [2.14438682e+01 2.14020100e-01 4.67029702e+00 3.19554144e+01
 6.76133264e-02 1.61917152e-01 1.10526995e+00 4.01735577e+01
 1.92642555e-01 1.99346876e-03 2.05862427e-03 1.70712127e-03
 1.87541356e-03 2.17570057e-03 2.04264864e-03 1.79271619e-03
 1.75391264e-03]
  0%|          | 0/750 [00:00<?, ?it/s]
Episode 171 - Time 749 - Avg reward: -4.4069 - Loss: 762.06 - Action counts: [2.14388354e+01 2.12924451e-01 4.64545971e+00 3.17671277e+01
 6.72450057e-02 1.61004660e-01 1.09900244e+00 4.04014379e+01
 1.91652990e-01 1.98173140e-03 2.04657985e-03 1.69727011e-03
 1.86456822e-03 2.16296453e-03 2.03062075e-03 1.78243723e-03
 1.74359044e-03]
  0%|          | 0/750 [00:00<?, ?it/s]
Episode 172 - Time 749 - Avg reward: -5.4603 - Loss: 901.00 - Action counts: [2.14349301e+01 2.11776344e-01 4.61938145e+00 3.15781903e+01
 6.68642160e-02 1.60074516e-01 1.09264163e+00 4.06303103e+01
 1.90612140e-01 1.96996085e-03 2.03442287e-03 1.68723338e-03
 1.85361194e-03 2.15011401e-03 2.01852018e-03 1.77185429e-03
 1.73323898e-03]
  0%|          | 0/750 [00:00<?, ?it/s]
Episode 173 - Time 749 - Avg reward: -5.9040 - Loss: 643.39 - Action counts: [2.13860098e+01 2.10729969e-01 4.59414789e+00 3.13930839e+01
 6.65079907e-02 1.59182990e-01 1.08650300e+00 4.08990555e+01
 1.89648141e-01 1.95845696e-03 2.02265543e-03 1.67750696e-03
 1.84317668e-03 2.13770492e-03 2.00673082e-03 1.76166887e-03
 1.72304978e-03]
  0%|          | 0/750 [00:00<?, ?it/s]
Episode 174 - Time 749 - Avg reward: -5.3522 - Loss: 833.44 - Action counts: [2.13475956e+01 2.09737548e-01 4.57006976e+00 3.12157615e+01
 6.61670842e-02 1.58330178e-01 1.08064138e+00 4.11479213e+01
 1.88729217e-01 1.94747661e-03 2.01134963e-03 1.66827124e-03
 1.83300241e-03 2.12567084e-03 1.99551524e-03 1.75187986e-03
 1.71328833e-03]
  0%|          | 0/750 [00:00<?, ?it/s]
Episode 175 - Time 749 - Avg reward: -4.7792 - Loss: 255.55 - Action counts: [2.12581962e+01 2.08672462e-01 4.54542660e+00 3.10397868e+01
 6.58125939e-02 1.57463440e-01 1.07471290e+00 4.14472089e+01
 1.87757745e-01 1.93663097e-03 2.00006721e-03 1.65888823e-03
 1.82284125e-03 2.11385693e-03 1.98428421e-03 1.74202469e-03
 1.70368912e-03]
  0%|          | 0/750 [00:00<?, ?it/s]
Episode 176 - Time 749 - Avg reward: -6.5793 - Loss: 304.92 - Action counts: [2.11593537e+01 2.07621098e-01 4.52054687e+00 3.08599821e+01
 6.54608312e-02 1.56590116e-01 1.06871275e+00 4.17600533e+01
 1.86802447e-01 1.92546202e-03 1.98856775e-03 1.64936973e-03
 1.81271110e-03 2.10177239e-03 1.97287639e-03 1.73202349e-03
 1.69398613e-03]
  0%|          | 0/750 [00:00<?, ?it/s]
Episode 177 - Time 749 - Avg reward: -5.4411 - Loss: 345.84 - Action counts: [2.10645225e+01 2.06632237e-01 4.49710795e+00 3.06911334e+01
 6.51287886e-02 1.55770735e-01 1.06306918e+00 4.20559295e+01
 1.85908972e-01 1.91497971e-03 1.97792744e-03 1.64058928e-03
 1.80307264e-03 2.09036096e-03 1.96217171e-03 1.72282744e-03
 1.68484823e-03]
  0%|          | 0/750 [00:00<?, ?it/s]
Episode 178 - Time 749 - Avg reward: -5.3181 - Loss: 381.84 - Action counts: [2.09795714e+01 2.05642160e-01 4.47337656e+00 3.05195918e+01
 6.47975107e-02 1.54942722e-01 1.05735137e+00 4.23449822e+01
 1.85029240e-01 1.90432224e-03 1.96687979e-03 1.63161917e-03
 1.79319190e-03 2.07883276e-03 1.95136193e-03 1.71347122e-03
 1.67544311e-03]
  0%|          | 0/750 [00:00<?, ?it/s]
Episode 179 - Time 749 - Avg reward: -5.3702 - Loss: 186.52 - Action counts: [2.08825148e+01 2.04604824e-01 4.44916391e+00 3.03476451e+01
 6.44553751e-02 1.54099188e-01 1.05155059e+00 4.26472317e+01
 1.84101348e-01 1.89364667e-03 1.95585109e-03 1.62252020e-03
 1.78336676e-03 2.06724645e-03 1.94049519e-03 1.70387301e-03
 1.66613393e-03]
  0%|          | 0/750 [00:00<?, ?it/s]
Episode 180 - Time 749 - Avg reward: -5.3224 - Loss: 376.56 - Action counts: [2.07847086e+01 2.03621062e-01 4.42547118e+00 3.01774499e+01
 6.41263262e-02 1.53279586e-01 1.04587832e+00 4.29476822e+01
 1.83230561e-01 1.88307149e-03 1.94496306e-03 1.61358064e-03
 1.77363358e-03 2.05595381e-03 1.92969352e-03 1.69440201e-03
 1.65691213e-03]
  0%|          | 0/750 [00:00<?, ?it/s]
Episode 181 - Time 749 - Avg reward: -3.9589 - Loss: 183.59 - Action counts: [2.06814671e+01 2.02575311e-01 4.40162232e+00 3.00093406e+01
 6.37859663e-02 1.52447282e-01 1.04016923e+00 4.32518245e+01
 1.82296371e-01 1.87263860e-03 1.93411132e-03 1.60457781e-03
 1.76388482e-03 2.04451957e-03 1.91896374e-03 1.68498502e-03
 1.64766754e-03]
  0%|          | 0/750 [00:00<?, ?it/s]
Episode 182 - Time 749 - Avg reward: -4.4663 - Loss: 144.38 - Action counts: [2.05783772e+01 2.01541590e-01 4.37786515e+00 2.98414728e+01
 6.34489418e-02 1.51621472e-01 1.03448884e+00 4.35554236e+01
 1.81369458e-01 1.86225386e-03 1.92327241e-03 1.59569531e-03
 1.75418267e-03 2.03313504e-03 1.90828283e-03 1.67561535e-03
 1.63847045e-03]
  0%|          | 0/750 [00:00<?, ?it/s]
Episode 183 - Time 749 - Avg reward: -4.4809 - Loss: 117.58 - Action counts: [2.04675745e+01 2.00498001e-01 4.35401523e+00 2.96746066e+01
 6.31116514e-02 1.50796657e-01 1.02881674e+00 4.38658350e+01
 1.80434946e-01 1.85182499e-03 1.91257454e-03 1.58686827e-03
 1.74446808e-03 2.02178557e-03 1.89763255e-03 1.66626803e-03
 1.62933115e-03]
  0%|          | 0/750 [00:00<?, ?it/s]
Episode 184 - Time 749 - Avg reward: -4.8386 - Loss: 131.32 - Action counts: [2.03612546e+01 1.99510865e-01 4.33152676e+00 2.95176607e+01
 6.27998470e-02 1.50025730e-01 1.02348469e+00 4.41599353e+01
 1.79565774e-01 1.84201496e-03 1.90247885e-03 1.57860649e-03
 1.73547990e-03 2.01118366e-03 1.88757985e-03 1.65754948e-03
 1.62080826e-03]
  0%|          | 0/750 [00:00<?, ?it/s]
Episode 185 - Time 749 - Avg reward: -5.8500 - Loss: 84.26 - Action counts: [2.02506272e+01 1.98468612e-01 4.30825239e+00 2.93552364e+01
 6.24743807e-02 1.49218644e-01 1.01796185e+00 4.44649458e+01
 1.78657060e-01 1.83189690e-03 1.89213537e-03 1.56997643e-03
 1.72591315e-03 2.00009710e-03 1.87721062e-03 1.64844828e-03
 1.61198152e-03]
  0%|          | 0/750 [00:00<?, ?it/s]
Episode 186 - Time 749 - Avg reward: -4.0998 - Loss: 95.92 - Action counts: [2.01425498e+01 1.97415078e-01 4.28522620e+00 2.91974458e+01
 6.21424108e-02 1.48419257e-01 1.01260274e+00 4.47623947e+01
 1.77722360e-01 1.82207896e-03 1.88195764e-03 1.56153158e-03
 1.71666529e-03 1.98933865e-03 1.86718470e-03 1.63958133e-03
 1.60334650e-03]
  0%|          | 0/750 [00:00<?, ?it/s]
Episode 187 - Time 749 - Avg reward: -4.7048 - Loss: 123.07 - Action counts: [2.00392666e+01 1.96387818e-01 4.26265528e+00 2.90421352e+01
 6.18170626e-02 1.47634142e-01 1.00738573e+00 4.50518926e+01
 1.76818712e-01 1.81241225e-03 1.87197209e-03 1.55328782e-03
 1.70752432e-03 1.97874573e-03 1.85731340e-03 1.63085081e-03
 1.59484451e-03]
  0%|          | 0/750 [00:00<?, ?it/s]
Episode 188 - Time 749 - Avg reward: -5.5587 - Loss: 118.40 - Action counts: [1.99428871e+01 1.95341345e-01 4.23974122e+00 2.88842945e+01
 6.14861012e-02 1.46835707e-01 1.00208835e+00 4.53374966e+01
 1.75897985e-01 1.80258753e-03 1.86185873e-03 1.54483744e-03
 1.69827022e-03 1.96801610e-03 1.84720901e-03 1.62201385e-03
 1.58620343e-03]
  0%|          | 0/750 [00:00<?, ?it/s]
Episode 189 - Time 749 - Avg reward: -5.2476 - Loss: 199.86 - Action counts: [1.98537216e+01 1.94349184e-01 4.21791618e+00 2.87336654e+01
 6.11713541e-02 1.46074746e-01 9.97069360e-01 4.56071460e+01
 1.75027799e-01 1.79317537e-03 1.85224269e-03 1.53677111e-03
 1.68940275e-03 1.95774016e-03 1.83756386e-03 1.61361495e-03
 1.57792111e-03]
  0%|          | 0/750 [00:00<?, ?it/s]
Episode 190 - Time 749 - Avg reward: -4.8003 - Loss: 10.96 - Action counts: [1.97638576e+01 1.93335765e-01 4.19570125e+00 2.85804757e+01
 6.08509832e-02 1.45299724e-01 9.91955604e-01 4.58805989e+01
 1.74139717e-01 1.78360338e-03 1.84253047e-03 1.52860283e-03
 1.68038470e-03 1.94728972e-03 1.82782496e-03 1.60507148e-03
 1.56949815e-03]
  0%|          | 0/750 [00:00<?, ?it/s]
Episode 191 - Time 749 - Avg reward: -4.8501 - Loss: 117.62 - Action counts: [1.96768324e+01 1.92363518e-01 4.17432148e+00 2.84328628e+01
 6.05435636e-02 1.44553289e-01 9.87047957e-01 4.61444720e+01
 1.73289222e-01 1.77444787e-03 1.83303534e-03 1.52069657e-03
 1.67172823e-03 1.93721793e-03 1.81837105e-03 1.59683937e-03
 1.56138037e-03]
  0%|          | 0/750 [00:00<?, ?it/s]
Episode 192 - Time 749 - Avg reward: -3.5778 - Loss: 110.25 - Action counts: [1.95836918e+01 1.91380695e-01 4.15265267e+00 2.82833400e+01
 6.02310771e-02 1.43798262e-01 9.82087080e-01 4.64167501e+01
 1.72426561e-01 1.76510349e-03 1.82341708e-03 1.51272310e-03
 1.66295942e-03 1.92701638e-03 1.80883002e-03 1.58849959e-03
 1.55315802e-03]
  0%|          | 0/750 [00:00<?, ?it/s]
Episode 193 - Time 749 - Avg reward: -4.3638 - Loss: 45.56 - Action counts: [1.94864405e+01 1.90369580e-01 4.13061221e+00 2.81323282e+01
 5.99124862e-02 1.43031887e-01 9.76959371e-01 4.66952508e+01
 1.71526052e-01 1.75567308e-03 1.81370959e-03 1.50464109e-03
 1.65407474e-03 1.91672093e-03 1.79916600e-03 1.58001272e-03
 1.54489444e-03]
  0%|          | 0/750 [00:00<?, ?it/s]
Episode 194 - Time 749 - Avg reward: -4.5348 - Loss: 43.31 - Action counts: [1.93935632e+01 1.89395933e-01 4.10931560e+00 2.79859720e+01
 5.96044941e-02 1.42291155e-01 9.72039471e-01 4.69636573e+01
 1.70662421e-01 1.74659973e-03 1.80429974e-03 1.49680631e-03
 1.64546185e-03 1.90677470e-03 1.78979760e-03 1.57181976e-03
 1.53685005e-03]
  0%|          | 0/750 [00:00<?, ?it/s]
Episode 195 - Time 749 - Avg reward: -4.8588 - Loss: 101.81 - Action counts: [1.93093050e+01 1.88453293e-01 4.08865189e+00 2.78437271e+01
 5.93052947e-02 1.41571668e-01 9.67282953e-01 4.72184459e+01
 1.69826896e-01 1.73788384e-03 1.79518796e-03 1.48919079e-03
 1.63712410e-03 1.89707332e-03 1.78069139e-03 1.56382258e-03
 1.52903080e-03]
  0%|          | 0/750 [00:00<?, ?it/s]
Episode 196 - Time 749 - Avg reward: -5.1840 - Loss: 101.96 - Action counts: [1.92218370e+01 1.87481516e-01 4.06741460e+00 2.76979474e+01
 5.89976467e-02 1.40833045e-01 9.62365842e-01 4.74808001e+01
 1.68963029e-01 1.72877804e-03 1.78584977e-03 1.48138803e-03
 1.62854623e-03 1.88713342e-03 1.77139521e-03 1.55566272e-03
 1.52105322e-03]
  0%|          | 0/750 [00:00<?, ?it/s]
Episode 197 - Time 749 - Avg reward: -4.5405 - Loss: 131.00 - Action counts: [1.91279346e+01 1.86556761e-01 4.04705126e+00 2.75578137e+01
 5.87049903e-02 1.40125391e-01 9.57721401e-01 4.77426491e+01
 1.68150382e-01 1.72012173e-03 1.77683684e-03 1.47395119e-03
 1.62033017e-03 1.87757366e-03 1.76242175e-03 1.54778210e-03
 1.51341545e-03]
  0%|          | 0/750 [00:00<?, ?it/s]
Episode 198 - Time 749 - Avg reward: -5.4371 - Loss: 52.24 - Action counts: [1.90381248e+01 1.85663244e-01 4.02756408e+00 2.74244616e+01
 5.84231074e-02 1.39448821e-01 9.53189278e-01 4.79925456e+01
 1.67351358e-01 1.71179335e-03 1.76826744e-03 1.46681470e-03
 1.61248494e-03 1.86848293e-03 1.75388855e-03 1.54032173e-03
 1.50608788e-03]
  0%|          | 0/750 [00:00<?, ?it/s]
Episode 199 - Time 749 - Avg reward: -3.8960 - Loss: 108.49 - Action counts: [1.89411630e+01 1.84709990e-01 4.00670769e+00 2.72811244e+01
 5.81221446e-02 1.38723603e-01 9.48400796e-01 4.82613842e+01
 1.66505099e-01 1.70287149e-03 1.75905014e-03 1.45914103e-03
 1.60404920e-03 1.85870792e-03 1.74474647e-03 1.53229693e-03
 1.49820875e-03]
  0%|          | 0/750 [00:00<?, ?it/s]
Episode 200 - Time 749 - Avg reward: -5.6773 - Loss: 94.50 - Action counts: [1.88512089e+01 1.83795381e-01 3.98667653e+00 2.71435217e+01
 5.78333507e-02 1.38026748e-01 9.43784861e-01 4.85163690e+01
 1.65690473e-01 1.69427494e-03 1.75023649e-03 1.45184140e-03
 1.59605129e-03 1.84932468e-03 1.73593853e-03 1.52462799e-03
 1.49071190e-03]
  0%|          | 0/750 [00:00<?, ?it/s]
Episode 201 - Time 749 - Avg reward: -4.8601 - Loss: 162.95 - Action counts: [1.87686200e+01 1.82924124e-01 3.96747867e+00 2.70103253e+01
 5.75575570e-02 1.37355091e-01 9.39429459e-01 4.87583583e+01
 1.64922480e-01 1.68598222e-03 1.74166877e-03 1.44474002e-03
 1.58824124e-03 1.84030311e-03 1.72747416e-03 1.51716893e-03
 1.48341951e-03]
  0%|          | 0/750 [00:00<?, ?it/s]
Episode 202 - Time 749 - Avg reward: -3.5350 - Loss: 90.98 - Action counts: [1.86866275e+01 1.82028039e-01 3.94788311e+00 2.68749703e+01
 5.72728308e-02 1.36669736e-01 9.34908967e-01 4.90025500e+01
 1.64125645e-01 1.67755823e-03 1.73296545e-03 1.43749318e-03
 1.58043921e-03 1.83110504e-03 1.71887496e-03 1.50955878e-03
 1.47597865e-03]
  0%|          | 0/750 [00:00<?, ?it/s]
Episode 203 - Time 749 - Avg reward: -5.1050 - Loss: 124.12 - Action counts: [1.86005481e+01 1.81135663e-01 3.92846645e+00 2.67406165e+01
 5.69904237e-02 1.35990227e-01 9.30406719e-01 4.92496120e+01
 1.63334736e-01 1.66923000e-03 1.72429448e-03 1.43030062e-03
 1.57256417e-03 1.82194303e-03 1.71027449e-03 1.50200564e-03
 1.46859352e-03]
  0%|          | 0/750 [00:00<?, ?it/s]
Episode 204 - Time 749 - Avg reward: -5.5210 - Loss: 74.26 - Action counts: [1.85186137e+01 1.80262566e-01 3.90946983e+00 2.66098256e+01
 5.67147365e-02 1.35327213e-01 9.25982035e-01 4.94884113e+01
 1.62556819e-01 1.66105974e-03 1.71585470e-03 1.42333242e-03
 1.56489965e-03 1.81305789e-03 1.70190334e-03 1.49465388e-03
 1.46143790e-03]
  0%|          | 0/750 [00:00<?, ?it/s]
Episode 205 - Time 749 - Avg reward: -5.5709 - Loss: 66.71 - Action counts: [1.84386344e+01 1.79399569e-01 3.89057987e+00 2.64794225e+01
 5.64401968e-02 1.34667130e-01 9.21587118e-01 4.97247068e+01
 1.61788904e-01 1.65291263e-03 1.70756858e-03 1.41635131e-03
 1.55725661e-03 1.80419770e-03 1.69358833e-03 1.48732295e-03
 1.45426989e-03]
  0%|          | 0/750 [00:00<?, ?it/s]
Episode 206 - Time 749 - Avg reward: -5.5707 - Loss: 81.38 - Action counts: [1.83530271e+01 1.78542205e-01 3.87192385e+00 2.63508272e+01
 5.61689293e-02 1.34015547e-01 9.17233633e-01 4.99645277e+01
 1.61022357e-01 1.64491168e-03 1.69926972e-03 1.40946778e-03
 1.54968828e-03 1.79542922e-03 1.68538970e-03 1.48012678e-03
 1.44720207e-03]
  0%|          | 0/750 [00:00<?, ?it/s]
Episode 207 - Time 749 - Avg reward: -5.1872 - Loss: 91.32 - Action counts: [1.82718118e+01 1.77698627e-01 3.85352278e+00 2.62237292e+01
 5.59017444e-02 1.33371930e-01 9.12961439e-01 5.01980790e+01
 1.60273222e-01 1.63697050e-03 1.69109824e-03 1.40266326e-03
 1.54220681e-03 1.78679350e-03 1.67725310e-03 1.47301325e-03
 1.44021538e-03]
  0%|          | 0/750 [00:00<?, ?it/s]
Episode 208 - Time 749 - Avg reward: -5.1829 - Loss: 97.11 - Action counts: [1.81872402e+01 1.76856597e-01 3.83517234e+00 2.60966928e+01
 5.56345559e-02 1.32729583e-01 9.08700868e-01 5.04348590e+01
 1.59525115e-01 1.62903315e-03 1.68293040e-03 1.39589399e-03
 1.53479289e-03 1.77812969e-03 1.66915240e-03 1.46587090e-03
 1.43323206e-03]
  0%|          | 0/750 [00:00<?, ?it/s]
Episode 209 - Time 749 - Avg reward: -3.9889 - Loss: 184.69 - Action counts: [1.81073832e+01 1.76026634e-01 3.81693516e+00 2.59693788e+01
 5.53704316e-02 1.32088052e-01 9.04571021e-01 5.06669249e+01
 1.58793956e-01 1.62107393e-03 1.67473965e-03 1.38907384e-03
 1.52729410e-03 1.76953744e-03 1.66106078e-03 1.45880430e-03
 1.42622949e-03]
  0%|          | 0/750 [00:00<?, ?it/s]
Episode 210 - Time 749 - Avg reward: -4.9657 - Loss: 73.21 - Action counts: [1.80275260e+01 1.75223500e-01 3.79937669e+00 2.58487424e+01
 5.51159640e-02 1.31477247e-01 9.00524163e-01 5.08914635e+01
 1.58080814e-01 1.61353770e-03 1.66701726e-03 1.38261616e-03
 1.52022551e-03 1.76131101e-03 1.65333865e-03 1.45202244e-03
 1.41959907e-03]
  0%|          | 0/750 [00:00<?, ?it/s]
Episode 211 - Time 749 - Avg reward: -4.8280 - Loss: 64.83 - Action counts: [1.79466685e+01 1.74412912e-01 3.78164052e+00 2.57269819e+01
 5.48593122e-02 1.30860950e-01 8.96443898e-01 5.11183564e+01
 1.57364625e-01 1.60593095e-03 1.65918991e-03 1.37609806e-03
 1.51305867e-03 1.75300761e-03 1.64557578e-03 1.44517713e-03
 1.41290661e-03]
  0%|          | 0/750 [00:00<?, ?it/s]
Episode 212 - Time 749 - Avg reward: -5.8366 - Loss: 62.43 - Action counts: [1.78647692e+01 1.73610730e-01 3.76413113e+00 2.56070595e+01
 5.46058301e-02 1.30252981e-01 8.92403049e-01 5.13441585e+01
 1.56655956e-01 1.59847127e-03 1.65151317e-03 1.36967909e-03
 1.50603221e-03 1.74483052e-03 1.63793118e-03 1.43843594e-03
 1.40631596e-03]
  0%|          | 0/750 [00:00<?, ?it/s]
Episode 213 - Time 749 - Avg reward: -5.5914 - Loss: 91.54 - Action counts: [1.77849476e+01 1.72827160e-01 3.74701117e+00 2.54898143e+01
 5.43583385e-02 1.29659212e-01 8.88454590e-01 5.15646647e+01
 1.55966029e-01 1.59117818e-03 1.64407070e-03 1.36343434e-03
 1.49916268e-03 1.73683557e-03 1.63042605e-03 1.43184492e-03
 1.39990333e-03]
  0%|          | 0/750 [00:00<?, ?it/s]
Episode 214 - Time 749 - Avg reward: -4.7100 - Loss: 90.17 - Action counts: [1.77048652e+01 1.72026532e-01 3.72943790e+00 2.53688794e+01
 5.41047462e-02 1.29048247e-01 8.84417121e-01 5.17897223e+01
 1.55259928e-01 1.58362131e-03 1.63629371e-03 1.35695908e-03
 1.49210496e-03 1.72858694e-03 1.62271386e-03 1.42504476e-03
 1.39325487e-03]
  0%|          | 0/750 [00:00<?, ?it/s]
Episode 215 - Time 749 - Avg reward: -4.4028 - Loss: 83.75 - Action counts: [1.76279979e+01 1.71232237e-01 3.71206631e+00 2.52492488e+01
 5.38528910e-02 1.28443361e-01 8.80394361e-01 5.20100220e+01
 1.54561320e-01 1.57614642e-03 1.62857020e-03 1.35055407e-03
 1.48509297e-03 1.72042779e-03 1.61505445e-03 1.41834930e-03
 1.38667853e-03]
  0%|          | 0/750 [00:00<?, ?it/s]
Episode 216 - Time 749 - Avg reward: -4.8520 - Loss: 126.33 - Action counts: [1.75501556e+01 1.70448543e-01 3.69483902e+00 2.51304486e+01
 5.36040785e-02 1.27843618e-01 8.76430446e-01 5.22302161e+01
 1.53890386e-01 1.56878348e-03 1.62089875e-03 1.34422301e-03
 1.47809738e-03 1.71232365e-03 1.60744667e-03 1.41176046e-03
 1.38020809e-03]
  0%|          | 0/750 [00:00<?, ?it/s]
Episode 217 - Time 749 - Avg reward: -5.7696 - Loss: 94.79 - Action counts: [1.74732201e+01 1.69670259e-01 3.67783923e+00 2.50135381e+01
 5.33587697e-02 1.27251645e-01 8.72505574e-01 5.24473290e+01
 1.53219964e-01 1.56147871e-03 1.61341259e-03 1.33796386e-03
 1.47124551e-03 1.70435050e-03 1.59996187e-03 1.40518683e-03
 1.37378139e-03]
  0%|          | 0/750 [00:00<?, ?it/s]
Episode 218 - Time 749 - Avg reward: -5.2479 - Loss: 133.99 - Action counts: [1.73996262e+01 1.68918000e-01 3.66131548e+00 2.48994391e+01
 5.31205988e-02 1.26676002e-01 8.68718204e-01 5.26575905e+01
 1.52583582e-01 1.55437788e-03 1.60607458e-03 1.33185333e-03
 1.46455678e-03 1.69656668e-03 1.59265479e-03 1.39876930e-03
 1.36750728e-03]
  0%|          | 0/750 [00:00<?, ?it/s]
Episode 219 - Time 749 - Avg reward: -4.2584 - Loss: 156.03 - Action counts: [1.73273728e+01 1.68164450e-01 3.64475231e+00 2.47842767e+01
 5.28817434e-02 1.26095613e-01 8.64958872e-01 5.28675735e+01
 1.51967177e-01 1.54723796e-03 1.59869517e-03 1.32568354e-03
 1.45777223e-03 1.68873770e-03 1.58527683e-03 1.39228951e-03
 1.36117232e-03]
  0%|          | 0/750 [00:00<?, ?it/s]
Episode 220 - Time 749 - Avg reward: -5.7095 - Loss: 84.13 - Action counts: [1.72561995e+01 1.67416265e-01 3.62845150e+00 2.46712232e+01
 5.26445420e-02 1.25523737e-01 8.61185509e-01 5.30741227e+01
 1.51330764e-01 1.54020248e-03 1.59139449e-03 1.31962960e-03
 1.45111509e-03 1.68102583e-03 1.57806764e-03 1.38593141e-03
 1.35495632e-03]
  0%|          | 0/750 [00:00<?, ?it/s]
Episode 221 - Time 749 - Avg reward: -4.3134 - Loss: 128.43 - Action counts: [1.71812507e+01 1.66661495e-01 3.61190909e+00 2.45563598e+01
 5.24057231e-02 1.24944784e-01 8.57476803e-01 5.32864538e+01
 1.50690930e-01 1.53302184e-03 1.58397518e-03 1.31347730e-03
 1.44437987e-03 1.67318865e-03 1.57071047e-03 1.37947000e-03
 1.34866940e-03]
  0%|          | 0/750 [00:00<?, ?it/s]
Episode 222 - Time 749 - Avg reward: -3.6215 - Loss: 106.09 - Action counts: [1.71088005e+01 1.65929990e-01 3.59586459e+00 2.44451249e+01
 5.21737197e-02 1.24383423e-01 8.53816115e-01 5.34920570e+01
 1.50056615e-01 1.52606951e-03 1.57682172e-03 1.30752062e-03
 1.43782954e-03 1.66560066e-03 1.56358722e-03 1.37321404e-03
 1.34258306e-03]
  0%|          | 0/750 [00:00<?, ?it/s]
Episode 223 - Time 749 - Avg reward: -4.3655 - Loss: 82.22 - Action counts: [1.70354987e+01 1.65207015e-01 3.58013283e+00 2.43360685e+01
 5.19453804e-02 1.23832394e-01 8.50164726e-01 5.36959929e+01
 1.49416886e-01 1.51925549e-03 1.56984071e-03 1.30168244e-03
 1.43140952e-03 1.65816362e-03 1.55660568e-03 1.36711234e-03
 1.33658832e-03]
  0%|          | 0/750 [00:00<?, ?it/s]
Episode 224 - Time 749 - Avg reward: -5.7964 - Loss: 39.89 - Action counts: [1.69605593e+01 1.64464870e-01 3.56406010e+00 2.42250919e+01
 5.17112110e-02 1.23270673e-01 8.46406259e-01 5.39039963e+01
 1.48752299e-01 1.51232426e-03 1.56267869e-03 1.29574383e-03
 1.42487906e-03 1.65059865e-03 1.54950405e-03 1.36087522e-03
 1.33049046e-03]
  0%|          | 0/750 [00:00<?, ?it/s]
Episode 225 - Time 749 - Avg reward: -4.5988 - Loss: 65.15 - Action counts: [1.68897114e+01 1.63764335e-01 3.54893106e+00 2.41198301e+01
 5.14896757e-02 1.22739391e-01 8.42834546e-01 5.41009371e+01
 1.48126013e-01 1.50574942e-03 1.55591448e-03 1.29011058e-03
 1.41868439e-03 1.64342267e-03 1.54279712e-03 1.35498836e-03
 1.32470615e-03]
  0%|          | 0/750 [00:00<?, ?it/s]
Episode 226 - Time 749 - Avg reward: -4.3766 - Loss: 82.64 - Action counts: [1.68183007e+01 1.63064868e-01 3.53382716e+00 2.40140189e+01
 5.12688088e-02 1.22207909e-01 8.39361306e-01 5.42988673e+01
 1.47497642e-01 1.49913906e-03 1.54911331e-03 1.28444689e-03
 1.41245625e-03 1.63620791e-03 1.53602412e-03 1.34903985e-03
 1.31892000e-03]
  0%|          | 0/750 [00:00<?, ?it/s]
Episode 227 - Time 749 - Avg reward: -6.1044 - Loss: 193.44 - Action counts: [1.67474762e+01 1.62374211e-01 3.51889477e+00 2.39085736e+01
 5.10519682e-02 1.21681830e-01 8.36195519e-01 5.44953405e+01
 1.46876780e-01 1.49257944e-03 1.54233404e-03 1.27880158e-03
 1.40633618e-03 1.62901657e-03 1.52927309e-03 1.34311064e-03
 1.31318174e-03]
  0%|          | 0/750 [00:00<?, ?it/s]
Episode 228 - Time 749 - Avg reward: -4.3189 - Loss: 196.21 - Action counts: [1.66797619e+01 1.61671941e-01 3.50401130e+00 2.38018012e+01
 5.08320706e-02 1.21148572e-01 8.33048837e-01 5.46899918e+01
 1.46249237e-01 1.48590748e-03 1.53546883e-03 1.27308523e-03
 1.40004974e-03 1.62173473e-03 1.52243711e-03 1.33710683e-03
 1.30734087e-03]
  0%|          | 0/750 [00:00<?, ?it/s]
Episode 229 - Time 749 - Avg reward: -4.5613 - Loss: 93.76 - Action counts: [1.66107679e+01 1.60974940e-01 3.48924144e+00 2.36970052e+01
 5.06135215e-02 1.20622208e-01 8.29755559e-01 5.48839642e+01
 1.45622592e-01 1.47936111e-03 1.52870411e-03 1.26747648e-03
 1.39388162e-03 1.61458995e-03 1.51572980e-03 1.33121602e-03
 1.30158119e-03]
  0%|          | 0/750 [00:00<?, ?it/s]
Episode 230 - Time 749 - Avg reward: -5.1138 - Loss: 69.23 - Action counts: [1.65423665e+01 1.60306860e-01 3.47489165e+00 2.35962355e+01
 5.04031974e-02 1.20118591e-01 8.26558731e-01 5.50727141e+01
 1.45020768e-01 1.47306580e-03 1.52225663e-03 1.26208283e-03
 1.38797897e-03 1.60774809e-03 1.50927973e-03 1.32558003e-03
 1.29610022e-03]
  0%|          | 0/750 [00:00<?, ?it/s]
Episode 231 - Time 749 - Avg reward: -3.7851 - Loss: 144.96 - Action counts: [1.64735707e+01 1.59629684e-01 3.46019572e+00 2.34928285e+01
 5.01891150e-02 1.19604530e-01 8.23404406e-01 5.52648321e+01
 1.44410964e-01 1.46663269e-03 1.51557895e-03 1.25654645e-03
 1.38191910e-03 1.60069539e-03 1.50268776e-03 1.31979389e-03
 1.29041462e-03]
  0%|          | 0/750 [00:00<?, ?it/s]
Episode 232 - Time 749 - Avg reward: -5.3424 - Loss: 126.21 - Action counts: [1.64100227e+01 1.58964101e-01 3.44582341e+00 2.33919136e+01
 4.99789413e-02 1.19100183e-01 8.20323507e-01 5.54487776e+01
 1.43810433e-01 1.46032770e-03 1.50906355e-03 1.25114462e-03
 1.37597830e-03 1.59381407e-03 1.49625642e-03 1.31412016e-03
 1.28486719e-03]
  0%|          | 0/750 [00:00<?, ?it/s]
Episode 233 - Time 749 - Avg reward: -5.1409 - Loss: 179.68 - Action counts: [1.63483521e+01 1.58314997e-01 3.43174473e+00 2.32930843e+01
 4.97737393e-02 1.18608083e-01 8.17434376e-01 5.56282242e+01
 1.43225500e-01 1.45418040e-03 1.50273867e-03 1.24591050e-03
 1.37015919e-03 1.58707372e-03 1.48992865e-03 1.30856265e-03
 1.27946193e-03]
  0%|          | 0/750 [00:00<?, ?it/s]
Episode 234 - Time 749 - Avg reward: -4.8580 - Loss: 279.12 - Action counts: [1.62932140e+01 1.57665667e-01 3.41763608e+00 2.31929590e+01
 4.95689593e-02 1.18115544e-01 8.14631355e-01 5.58023770e+01
 1.42642511e-01 1.44800644e-03 1.49632729e-03 1.24057617e-03
 1.36426165e-03 1.58024252e-03 1.48354400e-03 1.30293024e-03
 1.27398318e-03]
  0%|          | 0/750 [00:00<?, ?it/s]
Episode 235 - Time 749 - Avg reward: -5.8703 - Loss: 326.52 - Action counts: [1.62436762e+01 1.57054446e-01 3.40434668e+00 2.30981560e+01
 4.93766978e-02 1.17651501e-01 8.11943727e-01 5.59645545e+01
 1.42096095e-01 1.44213594e-03 1.49020243e-03 1.23549816e-03
 1.35870566e-03 1.57385904e-03 1.47747146e-03 1.29759700e-03
 1.26879672e-03]
  0%|          | 0/750 [00:00<?, ?it/s]
Episode 236 - Time 749 - Avg reward: -4.3443 - Loss: 352.11 - Action counts: [1.62092055e+01 1.56401330e-01 3.39017119e+00 2.29971463e+01
 4.91719628e-02 1.17155500e-01 8.09097929e-01 5.61190425e+01
 1.41512172e-01 1.43590514e-03 1.48373297e-03 1.23008775e-03
 1.35275570e-03 1.56696690e-03 1.47102958e-03 1.29199915e-03
 1.26324049e-03]
  0%|          | 0/750 [00:00<?, ?it/s]
Episode 237 - Time 749 - Avg reward: -4.7541 - Loss: 314.53 - Action counts: [1.61694834e+01 1.55759102e-01 3.37618696e+00 2.28991107e+01
 4.89691055e-02 1.16669451e-01 8.06292460e-01 5.62755430e+01
 1.40937243e-01 1.42986157e-03 1.47742919e-03 1.22483836e-03
 1.34698283e-03 1.56027988e-03 1.46475197e-03 1.28648556e-03
 1.25784962e-03]
  0%|          | 0/750 [00:00<?, ?it/s]
Episode 238 - Time 749 - Avg reward: -5.6577 - Loss: 338.02 - Action counts: [1.61236891e+01 1.55129307e-01 3.36246021e+00 2.28026515e+01
 4.87697736e-02 1.16190985e-01 8.03730716e-01 5.64360025e+01
 1.40373892e-01 1.42383164e-03 1.47119867e-03 1.21970097e-03
 1.34130241e-03 1.55372790e-03 1.45857491e-03 1.28108820e-03
 1.25257302e-03]
  0%|          | 0/750 [00:00<?, ?it/s]
Episode 239 - Time 749 - Avg reward: -4.6907 - Loss: 655.48 - Action counts: [1.61007975e+01 1.54504060e-01 3.34906284e+00 2.27069410e+01
 4.85734368e-02 1.15721196e-01 8.02295643e-01 5.65713243e+01
 1.39824124e-01 1.41787489e-03 1.46501502e-03 1.21457440e-03
 1.33569254e-03 1.54719736e-03 1.45244432e-03 1.27575923e-03
 1.24730828e-03]
  0%|          | 0/750 [00:00<?, ?it/s]
Episode 240 - Time 749 - Avg reward: -5.1672 - Loss: 523.56 - Action counts: [1.60723729e+01 1.53872905e-01 3.33549189e+00 2.26108231e+01
 4.83755096e-02 1.15247297e-01 8.00887360e-01 5.67127509e+01
 1.39268656e-01 1.41186451e-03 1.45880481e-03 1.20942582e-03
 1.33005823e-03 1.54063879e-03 1.44631509e-03 1.27035128e-03
 1.24202094e-03]
  0%|          | 0/750 [00:00<?, ?it/s]
Episode 241 - Time 749 - Avg reward: -4.7565 - Loss: 455.97 - Action counts: [1.60455091e+01 1.53228430e-01 3.32161950e+00 2.25129541e+01
 4.81728895e-02 1.14763183e-01 7.98778226e-01 5.68554125e+01
 1.38699697e-01 1.40574493e-03 1.45250934e-03 1.20418368e-03
 1.32429323e-03 1.53396104e-03 1.44012890e-03 1.26484507e-03
 1.23666510e-03]
  0%|          | 0/750 [00:00<?, ?it/s]
Episode 242 - Time 749 - Avg reward: -3.8009 - Loss: 672.69 - Action counts: [1.60284699e+01 1.52626587e-01 3.30861712e+00 2.24196463e+01
 4.79826312e-02 1.14304494e-01 7.96747182e-01 5.69826124e+01
 1.38176048e-01 1.39990609e-03 1.44653119e-03 1.19918204e-03
 1.31879271e-03 1.52758966e-03 1.43420217e-03 1.25959147e-03
 1.23155600e-03]
  0%|          | 0/750 [00:00<?, ?it/s]
Episode 243 - Time 749 - Avg reward: -6.1539 - Loss: 945.21 - Action counts: [1.60275825e+01 1.52036942e-01 3.29575874e+00 2.23286824e+01
 4.77948559e-02 1.13851064e-01 7.94233149e-01 5.70916323e+01
 1.37654486e-01 1.39424122e-03 1.44067673e-03 1.19430599e-03
 1.31343031e-03 1.52137825e-03 1.42842519e-03 1.25446979e-03
 1.22654832e-03]
  0%|          | 0/750 [00:00<?, ?it/s]
Episode 244 - Time 749 - Avg reward: -4.0476 - Loss: 755.65 - Action counts: [1.60086232e+01 1.51432384e-01 3.28262227e+00 2.22355407e+01
 4.76020886e-02 1.13388022e-01 7.91629952e-01 5.72213076e+01
 1.37125137e-01 1.38849467e-03 1.43468161e-03 1.18934076e-03
 1.30793987e-03 1.51501855e-03 1.42245405e-03 1.24922582e-03
 1.22147553e-03]
  0%|          | 0/750 [00:00<?, ?it/s]
Episode 245 - Time 749 - Avg reward: -5.1374 - Loss: 724.41 - Action counts: [1.59843753e+01 1.50855099e-01 3.26987182e+00 2.21440654e+01
 4.74146066e-02 1.12937988e-01 7.89471684e-01 5.73537192e+01
 1.36604353e-01 1.38276658e-03 1.42879009e-03 1.18443425e-03
 1.30257122e-03 1.50879561e-03 1.41658586e-03 1.24412651e-03
 1.21646358e-03]
  0%|          | 0/750 [00:00<?, ?it/s]
Episode 246 - Time 749 - Avg reward: -4.5900 - Loss: 760.17 - Action counts: [1.59649931e+01 1.50271554e-01 3.25724254e+00 2.20559156e+01
 4.72300604e-02 1.12496339e-01 7.87252223e-01 5.74778759e+01
 1.36080683e-01 1.37725305e-03 1.42312006e-03 1.17971153e-03
 1.29737745e-03 1.50280657e-03 1.41093748e-03 1.23916578e-03
 1.21161315e-03]
  0%|          | 0/750 [00:00<?, ?it/s]
Episode 247 - Time 749 - Avg reward: -5.4021 - Loss: 544.23 - Action counts: [1.59476089e+01 1.49702153e-01 3.24495239e+00 2.19703215e+01
 4.70494248e-02 1.12066757e-01 7.85073010e-01 5.75970571e+01
 1.35568100e-01 1.37190323e-03 1.41759208e-03 1.17512905e-03
 1.29233790e-03 1.49696906e-03 1.40548373e-03 1.23437926e-03
 1.20690675e-03]
  0%|          | 0/750 [00:00<?, ?it/s]
Episode 248 - Time 749 - Avg reward: -5.2149 - Loss: 462.93 - Action counts: [1.59098673e+01 1.49131531e-01 3.23254650e+00 2.18843317e+01
 4.68695132e-02 1.11637663e-01 7.82809505e-01 5.77371930e+01
 1.35053980e-01 1.36652828e-03 1.41206493e-03 1.17052504e-03
 1.28730148e-03 1.49113092e-03 1.39997721e-03 1.22954311e-03
 1.20220504e-03]
  0%|          | 0/750 [00:00<?, ?it/s]
Episode 249 - Time 749 - Avg reward: -4.6123 - Loss: 898.15 - Action counts: [1.58949586e+01 1.48571015e-01 3.22021353e+00 2.17970737e+01
 4.66896526e-02 1.11212566e-01 7.81178761e-01 5.78550382e+01
 1.34546808e-01 1.36112361e-03 1.40642499e-03 1.16584984e-03
 1.28218656e-03 1.48520188e-03 1.39438556e-03 1.22463218e-03
 1.19740330e-03]
  0%|          | 0/750 [00:00<?, ?it/s]
Episode 250 - Time 749 - Avg reward: -5.4869 - Loss: 483.63 - Action counts: [1.58780081e+01 1.48008387e-01 3.20789959e+00 2.17102753e+01
 4.65091470e-02 1.10784302e-01 7.80353824e-01 5.79736467e+01
 1.34039301e-01 1.35569631e-03 1.40084365e-03 1.16120116e-03
 1.27710060e-03 1.47927983e-03 1.38882563e-03 1.21974912e-03
 1.19262881e-03]
  0%|          | 0/750 [00:00<?, ?it/s]
Episode 251 - Time 749 - Avg reward: -4.0683 - Loss: 1114.61 - Action counts: [1.58559836e+01 1.47449094e-01 3.19573881e+00 2.16234209e+01
 4.63308392e-02 1.10360816e-01 7.85928916e-01 5.80908117e+01
 1.33541781e-01 1.35029063e-03 1.39525706e-03 1.15654833e-03
 1.27200984e-03 1.47335248e-03 1.38328720e-03 1.21486169e-03
 1.18787653e-03]
  0%|          | 0/750 [00:00<?, ?it/s]
Episode 252 - Time 749 - Avg reward: -3.8871 - Loss: 802.04 - Action counts: [1.58392833e+01 1.46907416e-01 3.18379751e+00 2.15383522e+01
 4.61570530e-02 1.09949329e-01 7.85546615e-01 5.82065579e+01
 1.33056198e-01 1.34496971e-03 1.38981171e-03 1.15199087e-03
 1.26702377e-03 1.46757300e-03 1.37783626e-03 1.21007444e-03
 1.18319562e-03]
  0%|          | 0/750 [00:00<?, ?it/s]
Episode 253 - Time 749 - Avg reward: -5.0936 - Loss: 770.95 - Action counts: [1.58199488e+01 1.46361398e-01 3.17161320e+00 2.14524663e+01
 4.59805073e-02 1.09534447e-01 7.84329193e-01 5.83268554e+01
 1.32559695e-01 1.33962425e-03 1.38426088e-03 1.14738988e-03
 1.26196335e-03 1.46171160e-03 1.37233326e-03 1.20529402e-03
 1.17847000e-03]
  0%|          | 0/750 [00:00<?, ?it/s]
Episode 254 - Time 749 - Avg reward: -4.3968 - Loss: 389.89 - Action counts: [1.57794154e+01 1.45823580e-01 3.15960877e+00 2.13683855e+01
 4.58066244e-02 1.09124455e-01 7.82728196e-01 5.84667289e+01
 1.32068016e-01 1.33439228e-03 1.37882753e-03 1.14293861e-03
 1.25701004e-03 1.45597426e-03 1.36697290e-03 1.20056313e-03
 1.17384441e-03]
  0%|          | 0/750 [00:00<?, ?it/s]
Episode 255 - Time 749 - Avg reward: -4.6137 - Loss: 210.65 - Action counts: [1.57263099e+01 1.45279654e-01 3.14763223e+00 2.12854855e+01
 4.56329976e-02 1.08714771e-01 7.80588380e-01 5.86185122e+01
 1.31573681e-01 1.32923589e-03 1.37352464e-03 1.13849971e-03
 1.25215418e-03 1.45034567e-03 1.36168997e-03 1.19590043e-03
 1.16928548e-03]
  0%|          | 0/750 [00:00<?, ?it/s]
Episode 256 - Time 749 - Avg reward: -6.1673 - Loss: 209.12 - Action counts: [1.56793831e+01 1.44744602e-01 3.13599085e+00 2.12049631e+01
 4.54634847e-02 1.08317000e-01 7.78355755e-01 5.87614584e+01
 1.31091825e-01 1.32425480e-03 1.36834989e-03 1.13418889e-03
 1.24743899e-03 1.44485407e-03 1.35653406e-03 1.19137227e-03
 1.16485809e-03]
  0%|          | 0/750 [00:00<?, ?it/s]
Episode 257 - Time 749 - Avg reward: -4.5292 - Loss: 248.92 - Action counts: [1.56309444e+01 1.44189287e-01 3.12395638e+00 2.11212011e+01
 4.52879608e-02 1.07906571e-01 7.76363447e-01 5.89093664e+01
 1.30593088e-01 1.31906958e-03 1.36293855e-03 1.12970359e-03
 1.24250581e-03 1.43916606e-03 1.35116946e-03 1.18666082e-03
 1.16025149e-03]
  0%|          | 0/750 [00:00<?, ?it/s]
Episode 258 - Time 749 - Avg reward: -4.3316 - Loss: 287.25 - Action counts: [1.55804258e+01 1.43636496e-01 3.11205995e+00 2.10377818e+01
 4.51145697e-02 1.07505005e-01 7.74593105e-01 5.90586325e+01
 1.30099454e-01 1.31385276e-03 1.35757399e-03 1.12523569e-03
 1.23759179e-03 1.43352579e-03 1.34587721e-03 1.18196766e-03
 1.15571431e-03]
  0%|          | 0/750 [00:00<?, ?it/s]
Episode 259 - Time 749 - Avg reward: -5.1507 - Loss: 383.94 - Action counts: [1.55396604e+01 1.43091351e-01 3.10044995e+00 2.09563166e+01
 4.49426633e-02 1.07106362e-01 7.72693178e-01 5.91960162e+01
 1.29611173e-01 1.30875970e-03 1.35233712e-03 1.12089945e-03
 1.23279435e-03 1.42796883e-03 1.34066001e-03 1.17738585e-03
 1.15125993e-03]
  0%|          | 0/750 [00:00<?, ?it/s]
Episode 260 - Time 749 - Avg reward: -4.8074 - Loss: 355.80 - Action counts: [1.55032407e+01 1.42564064e-01 3.08929829e+00 2.08772344e+01
 4.47773767e-02 1.06724271e-01 7.70788174e-01 5.93261571e+01
 1.29141799e-01 1.30381466e-03 1.34722743e-03 1.11666423e-03
 1.22813635e-03 1.42257337e-03 1.33562001e-03 1.17293720e-03
 1.14690999e-03]
  0%|          | 0/750 [00:00<?, ?it/s]
Episode 261 - Time 749 - Avg reward: -3.5271 - Loss: 448.50 - Action counts: [1.54660616e+01 1.42018026e-01 3.07777043e+00 2.07945672e+01
 4.46055261e-02 1.06334140e-01 7.69253290e-01 5.94606988e+01
 1.28656817e-01 1.29869412e-03 1.34196016e-03 1.11223508e-03
 1.22326505e-03 1.41700725e-03 1.33032238e-03 1.16828484e-03
 1.14236087e-03]
  0%|          | 0/750 [00:00<?, ?it/s]
Episode 262 - Time 749 - Avg reward: -4.7020 - Loss: 863.07 - Action counts: [1.54591856e+01 1.41488768e-01 3.06685346e+00 2.07149694e+01
 4.44393371e-02 1.05960424e-01 7.67996582e-01 5.95609205e+01
 1.28190240e-01 1.29371370e-03 1.33681382e-03 1.10796972e-03
 1.21857389e-03 1.41164921e-03 1.32522067e-03 1.16380453e-03
 1.13797998e-03]
  0%|          | 0/750 [00:00<?, ?it/s]
Episode 263 - Time 749 - Avg reward: -5.0257 - Loss: 674.51 - Action counts: [1.54622580e+01 1.40964847e-01 3.05655009e+00 2.06363647e+01
 4.42752527e-02 1.05584149e-01 7.66682079e-01 5.96496350e+01
 1.27728018e-01 1.28882091e-03 1.33173191e-03 1.10375776e-03
 1.21396674e-03 1.40630808e-03 1.32018283e-03 1.15938032e-03
 1.13365394e-03]
  0%|          | 0/750 [00:00<?, ?it/s]
Episode 264 - Time 749 - Avg reward: -5.8297 - Loss: 950.35 - Action counts: [1.54751378e+01 1.40444785e-01 3.04604215e+00 2.05581785e+01
 4.41127591e-02 1.05213237e-01 7.65338250e-01 5.97283453e+01
 1.27266986e-01 1.28392888e-03 1.32675252e-03 1.09959336e-03
 1.20935884e-03 1.40099528e-03 1.31517176e-03 1.15497961e-03
 1.12935088e-03]
  0%|          | 0/750 [00:00<?, ?it/s]
Episode 265 - Time 749 - Avg reward: -4.4176 - Loss: 845.25 - Action counts: [1.55041859e+01 1.39916851e-01 3.03545206e+00 2.04780838e+01
 4.39471358e-02 1.04845197e-01 7.64559295e-01 5.97923292e+01
 1.26799104e-01 1.27891343e-03 1.32159487e-03 1.09529798e-03
 1.20463469e-03 1.39557268e-03 1.31003427e-03 1.15049296e-03
 1.12493927e-03]
  0%|          | 0/750 [00:00<?, ?it/s]
Episode 266 - Time 749 - Avg reward: -4.4499 - Loss: 875.38 - Action counts: [1.55227119e+01 1.39411280e-01 3.02651472e+00 2.04020250e+01
 4.37881910e-02 1.04515275e-01 7.63307944e-01 5.98615313e+01
 1.26349659e-01 1.27415272e-03 1.31667527e-03 1.09122077e-03
 1.20015047e-03 1.39037771e-03 1.30518269e-03 1.14621029e-03
 1.12075172e-03]
  0%|          | 0/750 [00:00<?, ?it/s]
Episode 267 - Time 749 - Avg reward: -6.1331 - Loss: 1054.64 - Action counts: [1.55464915e+01 1.38899041e-01 3.01811979e+00 2.03245584e+01
 4.36277444e-02 1.04194621e-01 7.62381651e-01 5.99260245e+01
 1.25895486e-01 1.26932424e-03 1.31168483e-03 1.08706421e-03
 1.19557899e-03 1.38508164e-03 1.30021113e-03 1.14184427e-03
 1.11648267e-03]
  0%|          | 0/750 [00:00<?, ?it/s]
Episode 268 - Time 749 - Avg reward: -5.0385 - Loss: 813.65 - Action counts: [1.55469130e+01 1.38392166e-01 3.00829849e+00 2.02486349e+01
 4.34681855e-02 1.03872639e-01 7.61143967e-01 6.00140626e+01
 1.25443441e-01 1.26459711e-03 1.30679911e-03 1.08299461e-03
 1.19110314e-03 1.37992114e-03 1.29534357e-03 1.13756958e-03
 1.11230293e-03]
  0%|          | 0/750 [00:00<?, ?it/s]
Episode 269 - Time 749 - Avg reward: -5.6220 - Loss: 1136.21 - Action counts: [1.55648181e+01 1.37897006e-01 2.99948335e+00 2.01736630e+01
 4.33121253e-02 1.03812303e-01 7.61232284e-01 6.00810406e+01
 1.25006782e-01 1.25989954e-03 1.30196948e-03 1.07897163e-03
 1.18670328e-03 1.37481989e-03 1.29053179e-03 1.13334388e-03
 1.10817108e-03]
  0%|          | 0/750 [00:00<?, ?it/s]
Episode 270 - Time 749 - Avg reward: -4.8811 - Loss: 1266.07 - Action counts: [1.55776039e+01 1.37402116e-01 2.99019663e+00 2.00990141e+01
 4.31558995e-02 1.03583895e-01 7.62165430e-01 6.01526116e+01
 1.24568125e-01 1.25522123e-03 1.29715957e-03 1.07496515e-03
 1.18234599e-03 1.36971485e-03 1.28573974e-03 1.12913550e-03
 1.10405618e-03]
  0%|          | 0/750 [00:00<?, ?it/s]
Episode 271 - Time 749 - Avg reward: -4.4532 - Loss: 1512.62 - Action counts: [1.56892147e+01 1.36903476e-01 2.98106387e+00 2.00237423e+01
 4.29989802e-02 1.03301627e-01 7.63059296e-01 6.01259292e+01
 1.24124657e-01 1.25050379e-03 1.29230903e-03 1.07094968e-03
 1.17792695e-03 1.36456711e-03 1.28090760e-03 1.12489192e-03
 1.09990685e-03]
  0%|          | 0/750 [00:00<?, ?it/s]
Episode 272 - Time 749 - Avg reward: -5.7150 - Loss: 1427.41 - Action counts: [1.57709506e+01 1.36424918e-01 2.97214762e+00 1.99520971e+01
 4.28486309e-02 1.03009482e-01 7.62515780e-01 6.01266832e+01
 1.23695290e-01 1.24601762e-03 1.28772175e-03 1.06713209e-03
 1.17370116e-03 1.35967175e-03 1.27631236e-03 1.12085639e-03
 1.09596095e-03]
  0%|          | 0/750 [00:00<?, ?it/s]
Episode 273 - Time 749 - Avg reward: -6.2053 - Loss: 1403.54 - Action counts: [1.58748735e+01 1.35933958e-01 2.96269992e+00 1.98785048e+01
 4.26939157e-02 1.02726667e-01 7.61897667e-01 6.01078227e+01
 1.23255030e-01 1.24140745e-03 1.28298161e-03 1.06318378e-03
 1.16938289e-03 1.35464106e-03 1.27161444e-03 1.11670930e-03
 1.09190598e-03]
  0%|          | 0/750 [00:00<?, ?it/s]
Episode 274 - Time 749 - Avg reward: -4.4791 - Loss: 1140.34 - Action counts: [1.59880572e+01 1.35448377e-01 2.95321758e+00 1.98058659e+01
 4.25410561e-02 1.02450537e-01 7.61291439e-01 6.00787510e+01
 1.22820191e-01 1.23685488e-03 1.27830083e-03 1.05928480e-03
 1.16514295e-03 1.34967323e-03 1.26695109e-03 1.11261403e-03
 1.08790167e-03]
  0%|          | 0/750 [00:00<?, ?it/s]
Episode 275 - Time 749 - Avg reward: -4.1860 - Loss: 1055.44 - Action counts: [1.60647351e+01 1.34974355e-01 2.94463146e+00 1.97344585e+01
 4.23914680e-02 1.02224837e-01 7.60713007e-01 6.00839493e+01
 1.22399823e-01 1.23237362e-03 1.27369357e-03 1.05544690e-03
 1.16092151e-03 1.34478322e-03 1.26238495e-03 1.10858291e-03
 1.08396008e-03]
  0%|          | 0/750 [00:00<?, ?it/s]
Episode 276 - Time 749 - Avg reward: -4.4749 - Loss: 1425.77 - Action counts: [1.61318708e+01 1.34486490e-01 2.93516765e+00 1.96604648e+01
 4.22366349e-02 1.02024834e-01 7.61131654e-01 6.01011631e+01
 1.21967706e-01 1.22773106e-03 1.26894350e-03 1.05147085e-03
 1.15657220e-03 1.33971719e-03 1.25762933e-03 1.10440669e-03
 1.07987662e-03]
  0%|          | 0/750 [00:00<?, ?it/s]
Episode 277 - Time 749 - Avg reward: -5.0910 - Loss: 1050.60 - Action counts: [1.61830531e+01 1.34019895e-01 2.92589718e+00 1.95899922e+01
 4.20879584e-02 1.01801665e-01 7.61056495e-01 6.01310925e+01
 1.21546614e-01 1.22336598e-03 1.26440629e-03 1.04771535e-03
 1.15241492e-03 1.33492559e-03 1.25310881e-03 1.10046091e-03
 1.07599503e-03]
  0%|          | 0/750 [00:00<?, ?it/s]
Episode 278 - Time 749 - Avg reward: -4.2592 - Loss: 779.23 - Action counts: [1.61947217e+01 1.33566659e-01 2.91674684e+00 1.95205637e+01
 4.19419663e-02 1.01588189e-01 7.61264275e-01 6.01990539e+01
 1.21133866e-01 1.21904144e-03 1.25995978e-03 1.04399126e-03
 1.14834258e-03 1.33018062e-03 1.24867855e-03 1.09657323e-03
 1.07217042e-03]
  0%|          | 0/750 [00:00<?, ?it/s]
Episode 279 - Time 749 - Avg reward: -5.2266 - Loss: 1305.54 - Action counts: [1.62314241e+01 1.33112655e-01 2.90767413e+00 1.94509131e+01
 4.17949291e-02 1.01347188e-01 7.61921678e-01 6.02417064e+01
 1.20720465e-01 1.21468198e-03 1.25552543e-03 1.04025780e-03
 1.14423595e-03 1.32542371e-03 1.24421311e-03 1.09265174e-03
 1.06833619e-03]
  0%|          | 0/750 [00:00<?, ?it/s]
Episode 280 - Time 749 - Avg reward: -5.7485 - Loss: 894.80 - Action counts: [1.62940468e+01 1.32653056e-01 2.89844869e+00 1.93817424e+01
 4.16482866e-02 1.01070125e-01 7.61413668e-01 6.02593200e+01
 1.20305030e-01 1.21037902e-03 1.25105326e-03 1.03657614e-03
 1.14016019e-03 1.32070256e-03 1.23978123e-03 1.08875972e-03
 1.06453078e-03]
  0%|          | 0/750 [00:00<?, ?it/s]
Episode 281 - Time 749 - Avg reward: -5.0528 - Loss: 1000.25 - Action counts: [1.63414905e+01 1.32205045e-01 2.88960131e+00 1.93126617e+01
 4.15032992e-02 1.00818815e-01 7.61912685e-01 6.02905900e+01
 1.19898021e-01 1.20605408e-03 1.24658299e-03 1.03289588e-03
 1.13608616e-03 1.31598341e-03 1.23535123e-03 1.08486935e-03
 1.06072699e-03]
  0%|          | 0/750 [00:00<?, ?it/s]
Episode 282 - Time 749 - Avg reward: -4.4237 - Loss: 652.71 - Action counts: [1.63433326e+01 1.31747450e-01 2.88022181e+00 1.92437965e+01
 4.13568020e-02 1.00526956e-01 7.60894959e-01 6.03693546e+01
 1.19482869e-01 1.20177057e-03 1.24215473e-03 1.02920719e-03
 1.13205251e-03 1.31128376e-03 1.23093953e-03 1.08099505e-03
 1.05693891e-03]
  0%|          | 0/750 [00:00<?, ?it/s]
Episode 283 - Time 749 - Avg reward: -4.8360 - Loss: 516.06 - Action counts: [1.63323203e+01 1.31304147e-01 2.87119808e+00 1.91768386e+01
 4.12143033e-02 1.00242137e-01 7.59668101e-01 6.04588803e+01
 1.19080865e-01 1.19765380e-03 1.23785030e-03 1.02562123e-03
 1.12817865e-03 1.30673846e-03 1.22665069e-03 1.07722865e-03
 1.05325632e-03]
  0%|          | 0/750 [00:00<?, ?it/s]
Episode 284 - Time 749 - Avg reward: -3.4427 - Loss: 232.85 - Action counts: [1.63126299e+01 1.30856052e-01 2.86184188e+00 1.91093363e+01
 4.10708169e-02 9.99348865e-02 7.57936414e-01 6.05585033e+01
 1.18669709e-01 1.19343389e-03 1.23351216e-03 1.02200747e-03
 1.12420354e-03 1.30215759e-03 1.22232861e-03 1.07343306e-03
 1.04954520e-03]
  0%|          | 0/750 [00:00<?, ?it/s]
Episode 285 - Time 749 - Avg reward: -5.2662 - Loss: 248.19 - Action counts: [1.62723628e+01 1.30418584e-01 2.85270733e+00 1.90426884e+01
 4.09293197e-02 9.96270063e-02 7.56196613e-01 6.06776165e+01
 1.18264901e-01 1.18926739e-03 1.22920574e-03 1.01843946e-03
 1.12027874e-03 1.29763484e-03 1.21808455e-03 1.06968551e-03
 1.04588104e-03]
  0%|          | 0/750 [00:00<?, ?it/s]
Episode 286 - Time 749 - Avg reward: -4.6649 - Loss: 408.74 - Action counts: [1.62332886e+01 1.29979670e-01 2.84362600e+00 1.89755939e+01
 4.07867494e-02 9.93250210e-02 7.54522432e-01 6.07958627e+01
 1.17858856e-01 1.18507348e-03 1.22487098e-03 1.01484796e-03
 1.11632811e-03 1.29305877e-03 1.21378902e-03 1.06591330e-03
 1.04219278e-03]
  0%|          | 0/750 [00:00<?, ?it/s]
Episode 287 - Time 749 - Avg reward: -4.3303 - Loss: 485.38 - Action counts: [1.62081552e+01 1.29555268e-01 2.83502784e+00 1.89093212e+01
 4.06468640e-02 9.90579479e-02 7.53471441e-01 6.08981763e+01
 1.17463832e-01 1.18092901e-03 1.22058733e-03 1.01129881e-03
 1.11242406e-03 1.28853665e-03 1.20954412e-03 1.06218556e-03
 1.03854799e-03]
  0%|          | 0/750 [00:00<?, ?it/s]
Episode 288 - Time 749 - Avg reward: -4.1566 - Loss: 777.03 - Action counts: [1.61910371e+01 1.29147978e-01 2.82667946e+00 1.88433056e+01
 4.05085798e-02 9.87985996e-02 7.52759129e-01 6.09915962e+01
 1.17075085e-01 1.17682252e-03 1.21634217e-03 1.00776243e-03
 1.10860327e-03 1.28405387e-03 1.20531450e-03 1.05847123e-03
 1.03491632e-03]
  0%|          | 0/750 [00:00<?, ?it/s]
Episode 289 - Time 749 - Avg reward: -4.6237 - Loss: 825.31 - Action counts: [1.61839808e+01 1.28739228e-01 2.81824571e+00 1.87779757e+01
 4.03715948e-02 9.85186232e-02 7.51985886e-01 6.10744357e+01
 1.16685904e-01 1.17275974e-03 1.21211918e-03 1.00426361e-03
 1.10477733e-03 1.27961879e-03 1.20112981e-03 1.05479635e-03
 1.03132323e-03]
  0%|          | 0/750 [00:00<?, ?it/s]
Episode 290 - Time 749 - Avg reward: -6.0389 - Loss: 746.64 - Action counts: [1.61717861e+01 1.28348471e-01 2.81110623e+00 1.87137395e+01
 4.02386596e-02 9.82559276e-02 7.51611586e-01 6.11595726e+01
 1.16311078e-01 1.16873968e-03 1.20801003e-03 1.00086696e-03
 1.10099031e-03 1.27523244e-03 1.19703541e-03 1.05118066e-03
 1.02778800e-03]
  0%|          | 0/750 [00:00<?, ?it/s]
Episode 291 - Time 749 - Avg reward: -4.1351 - Loss: 594.99 - Action counts: [1.61583547e+01 1.27951083e-01 2.80415071e+00 1.86502941e+01
 4.01059918e-02 9.79732389e-02 7.50804315e-01 6.12454328e+01
 1.15933650e-01 1.16481659e-03 1.20390792e-03 9.97491087e-04
 1.09727445e-03 1.27090206e-03 1.19297057e-03 1.04763394e-03
 1.02432071e-03]
  0%|          | 0/750 [00:00<?, ?it/s]
Episode 292 - Time 749 - Avg reward: -5.3705 - Loss: 925.92 - Action counts: [1.61554850e+01 1.27552287e-01 2.79639778e+00 1.85858499e+01
 3.99738075e-02 9.77222544e-02 7.49896920e-01 6.13226012e+01
 1.15552552e-01 1.16080596e-03 1.19978468e-03 9.94037096e-04
 1.09347494e-03 1.26654684e-03 1.18886245e-03 1.04400632e-03
 1.02077382e-03]
  0%|          | 0/750 [00:00<?, ?it/s]
Episode 293 - Time 749 - Avg reward: -4.0967 - Loss: 625.96 - Action counts: [1.61375385e+01 1.27150837e-01 2.78843192e+00 1.85208318e+01
 3.98403937e-02 9.74667191e-02 7.48511051e-01 6.14161287e+01
 1.15162994e-01 1.15673815e-03 1.19562563e-03 9.90576365e-04
 1.08964307e-03 1.26213115e-03 1.18471899e-03 1.04034780e-03
 1.01721939e-03]
  0%|          | 0/750 [00:00<?, ?it/s]
Episode 294 - Time 749 - Avg reward: -6.1307 - Loss: 570.87 - Action counts: [1.61207496e+01 1.26751327e-01 2.78020160e+00 1.84583888e+01
 3.97092609e-02 9.71924731e-02 7.46756142e-01 6.15065624e+01
 1.14781570e-01 1.15283435e-03 1.19159059e-03 9.87233333e-04
 1.08596571e-03 1.25787167e-03 1.18072076e-03 1.03683680e-03
 1.01378644e-03]
  0%|          | 0/750 [00:00<?, ?it/s]
Episode 295 - Time 749 - Avg reward: -6.4918 - Loss: 547.35 - Action counts: [1.61047066e+01 1.26371565e-01 2.77256436e+00 1.83966523e+01
 3.95846931e-02 9.69791964e-02 7.45275203e-01 6.15945797e+01
 1.14409297e-01 1.14899458e-03 1.18759845e-03 9.83925847e-04
 1.08232744e-03 1.25365748e-03 1.17676504e-03 1.03336313e-03
 1.01041252e-03]
  0%|          | 0/750 [00:00<?, ?it/s]
Episode 296 - Time 749 - Avg reward: -3.6822 - Loss: 875.73 - Action counts: [1.61162812e+01 1.26007640e-01 2.76486996e+00 1.83337933e+01
 3.94593729e-02 9.67663032e-02 7.43916678e-01 6.16560274e+01
 1.14031308e-01 1.14506122e-03 1.18357783e-03 9.80557568e-04
 1.07862230e-03 1.24941071e-03 1.17273662e-03 1.02982561e-03
 1.00695357e-03]
  0%|          | 0/750 [00:00<?, ?it/s]
Episode 297 - Time 749 - Avg reward: -5.4476 - Loss: 1051.84 - Action counts: [1.62183833e+01 1.25676139e-01 2.75763512e+00 1.82728872e+01
 3.93400182e-02 9.65731073e-02 7.42686767e-01 6.16243338e+01
 1.13667226e-01 1.14127081e-03 1.17963680e-03 9.77292547e-04
 1.07503075e-03 1.24525048e-03 1.16883169e-03 1.02639654e-03
 1.00360066e-03]
  0%|          | 0/750 [00:00<?, ?it/s]
Episode 298 - Time 749 - Avg reward: -4.5192 - Loss: 1379.06 - Action counts: [1.63512997e+01 1.25343892e-01 2.75066431e+00 1.82116800e+01
 3.92179620e-02 9.63683026e-02 7.41727295e-01 6.15616092e+01
 1.13301634e-01 1.13743690e-03 1.17567401e-03 9.74009498e-04
 1.07144166e-03 1.24106727e-03 1.16490519e-03 1.02294854e-03
 1.00022923e-03]
  0%|          | 0/750 [00:00<?, ?it/s]
Episode 299 - Time 749 - Avg reward: -5.2534 - Loss: 1257.77 - Action counts: [1.64994691e+01 1.25033535e-01 2.74414051e+00 1.81513759e+01
 3.90957623e-02 9.62002315e-02 7.41003585e-01 6.14819803e+01
 1.12942533e-01 1.13367587e-03 1.17178579e-03 9.70769820e-04
 1.06787791e-03 1.23696154e-03 1.16103057e-03 1.01954608e-03
 9.96924563e-04]
  0%|          | 0/750 [00:00<?, ?it/s]
Episode 300 - Time 749 - Avg reward: -4.9154 - Loss: 1151.38 - Action counts: [1.67068504e+01 1.24731436e-01 2.73757882e+00 1.80896641e+01
 3.89714915e-02 9.60608417e-02 7.40005639e-01 6.13448298e+01
 1.12578529e-01 1.12982220e-03 1.16789042e-03 9.67450952e-04
 1.06424920e-03 1.23275477e-03 1.15706124e-03 1.01608260e-03
 9.93516277e-04]
  0%|          | 0/750 [00:00<?, ?it/s]
Episode 301 - Time 749 - Avg reward: -5.8190 - Loss: 1098.08 - Action counts: [1.69223631e+01 1.24386677e-01 2.73062928e+00 1.80294403e+01
 3.88483248e-02 9.59181681e-02 7.38762351e-01 6.11987258e+01
 1.12226218e-01 1.12604480e-03 1.16398574e-03 9.64238487e-04
 1.06069103e-03 1.22863322e-03 1.15321484e-03 1.01268547e-03
 9.90194594e-04]
  0%|          | 0/750 [00:00<?, ?it/s]
Episode 302 - Time 749 - Avg reward: -2.9662 - Loss: 1028.51 - Action counts: [1.71517206e+01 1.24086565e-01 2.72406309e+00 1.79694321e+01
 3.87277838e-02 9.58253406e-02 7.37558976e-01 6.10380373e+01
 1.11877505e-01 1.12229929e-03 1.16011329e-03 9.61034351e-04
 1.05714219e-03 1.22454448e-03 1.14937843e-03 1.00929725e-03
 9.86881618e-04]
  0%|          | 0/750 [00:00<?, ?it/s]
Episode 303 - Time 749 - Avg reward: -4.7561 - Loss: 868.02 - Action counts: [1.73844613e+01 1.23742672e-01 2.71669675e+00 1.79091869e+01
 3.86049664e-02 9.56719393e-02 7.36118975e-01 6.08753541e+01
 1.11520908e-01 1.11852350e-03 1.15623221e-03 9.57801107e-04
 1.05358560e-03 1.22042470e-03 1.14553346e-03 1.00590163e-03
 9.83561414e-04]
  0%|          | 0/750 [00:00<?, ?it/s]
Episode 304 - Time 749 - Avg reward: -6.0425 - Loss: 529.84 - Action counts: [1.76151710e+01 1.23362963e-01 2.70876861e+00 1.78497262e+01
 3.84801462e-02 9.54605460e-02 7.34331373e-01 6.07149230e+01
 1.11163347e-01 1.11479876e-03 1.15238189e-03 9.54611578e-04
 1.05007711e-03 1.21636062e-03 1.14171877e-03 1.00255192e-03
 9.80286102e-04]
  0%|          | 0/750 [00:00<?, ?it/s]
Episode 305 - Time 749 - Avg reward: -5.4421 - Loss: 544.40 - Action counts: [1.78455812e+01 1.23009713e-01 2.70108263e+00 1.77915988e+01
 3.83601479e-02 9.52759796e-02 7.32641922e-01 6.05530469e+01
 1.10817956e-01 1.11115700e-03 1.14866092e-03 9.51493113e-04
 1.04664678e-03 1.21240887e-03 1.13798907e-03 9.99276850e-04
 9.77083765e-04]
  0%|          | 0/750 [00:00<?, ?it/s]
Episode 306 - Time 749 - Avg reward: -5.1514 - Loss: 736.88 - Action counts: [1.80755219e+01 1.22664344e-01 2.69339561e+00 1.77335974e+01
 3.82423879e-02 9.51059368e-02 7.31249252e-01 6.03911840e+01
 1.10482491e-01 1.10754188e-03 1.14492305e-03 9.48400573e-04
 1.04322109e-03 1.20844064e-03 1.13426442e-03 9.96027913e-04
 9.73907467e-04]
  0%|          | 0/750 [00:00<?, ?it/s]
Episode 307 - Time 749 - Avg reward: -5.5469 - Loss: 898.62 - Action counts: [1.83008233e+01 1.22299943e-01 2.68562738e+00 1.76763537e+01
 3.81229232e-02 9.49242123e-02 7.29818407e-01 6.02333416e+01
 1.10159369e-01 1.10402101e-03 1.14123787e-03 9.45330024e-04
 1.03984355e-03 1.20452818e-03 1.13059212e-03 9.92824803e-04
 9.70754337e-04]
  0%|          | 0/750 [00:00<?, ?it/s]
Episode 308 - Time 749 - Avg reward: -5.1966 - Loss: 790.26 - Action counts: [1.85205629e+01 1.21923876e-01 2.67759489e+00 1.76180361e+01
 3.80019166e-02 9.47287230e-02 7.28073239e-01 6.00827361e+01
 1.09841344e-01 1.10039214e-03 1.13746438e-03 9.42204300e-04
 1.03640532e-03 1.20054542e-03 1.12687539e-03 9.89542038e-04
 9.67544547e-04]
  0%|          | 0/750 [00:00<?, ?it/s]
Episode 309 - Time 749 - Avg reward: -4.7176 - Loss: 1216.39 - Action counts: [1.86656162e+01 1.21560760e-01 2.66991056e+00 1.75605542e+01
 3.78849347e-02 9.45814931e-02 7.26481203e-01 6.00053855e+01
 1.09551830e-01 1.09681341e-03 1.13376436e-03 9.39121628e-04
 1.03301444e-03 1.19661752e-03 1.12327450e-03 9.86304488e-04
 9.64378968e-04]
  0%|          | 0/750 [00:00<?, ?it/s]
Episode 310 - Time 749 - Avg reward: -5.3336 - Loss: 1355.07 - Action counts: [1.88016664e+01 1.21198011e-01 2.66229022e+00 1.75037182e+01
 3.77706854e-02 9.44295204e-02 7.24906300e-01 5.99362778e+01
 1.09297088e-01 1.09327534e-03 1.13010637e-03 9.36073891e-04
 1.02968342e-03 1.19273413e-03 1.11962913e-03 9.83103629e-04
 9.61249263e-04]
  0%|          | 0/750 [00:00<?, ?it/s]
Episode 311 - Time 749 - Avg reward: -4.8695 - Loss: 1028.56 - Action counts: [1.89499294e+01 1.20834962e-01 2.65451523e+00 1.74472342e+01
 3.76555378e-02 9.42761992e-02 7.23457409e-01 5.98546874e+01
 1.08991093e-01 1.08973901e-03 1.12645091e-03 9.33046046e-04
 1.02637414e-03 1.18887609e-03 1.11600756e-03 9.79923660e-04
 9.58139985e-04]
  0%|          | 0/750 [00:00<?, ?it/s]
Episode 312 - Time 749 - Avg reward: -5.0605 - Loss: 964.17 - Action counts: [1.91223428e+01 1.20475323e-01 2.64678263e+00 1.73916499e+01
 3.75413610e-02 9.41209754e-02 7.22199875e-01 5.97478150e+01
 1.08680336e-01 1.08625795e-03 1.12285258e-03 9.30065530e-04
 1.02309550e-03 1.18507835e-03 1.11244259e-03 9.76814686e-04
 9.55100597e-04]
  0%|          | 0/750 [00:00<?, ?it/s]
Episode 313 - Time 749 - Avg reward: -5.1416 - Loss: 764.97 - Action counts: [1.93130304e+01 1.20123378e-01 2.63931739e+00 1.73364406e+01
 3.74284448e-02 9.39981862e-02 7.21141357e-01 5.96217737e+01
 1.08381496e-01 1.08279977e-03 1.11927789e-03 9.27104596e-04
 1.01983840e-03 1.18130556e-03 1.10892227e-03 9.73704923e-04
 9.52059962e-04]
  0%|          | 0/750 [00:00<?, ?it/s]
Episode 314 - Time 749 - Avg reward: -5.2604 - Loss: 1043.11 - Action counts: [1.95144706e+01 1.19782604e-01 2.63184478e+00 1.72807159e+01
 3.73167673e-02 9.39189841e-02 7.20363384e-01 5.94851661e+01
 1.08082822e-01 1.07930949e-03 1.11567004e-03 9.24116186e-04
 1.01655107e-03 1.17749777e-03 1.10534779e-03 9.70566303e-04
 9.48991112e-04]
  0%|          | 0/750 [00:00<?, ?it/s]
Episode 315 - Time 749 - Avg reward: -5.4007 - Loss: 790.14 - Action counts: [1.97126681e+01 1.19453869e-01 2.62470874e+00 1.72277912e+01
 3.72093968e-02 9.39288905e-02 7.19294814e-01 5.93488455e+01
 1.07786995e-01 1.07599361e-03 1.11224245e-03 9.21298181e-04
 1.01344909e-03 1.17388023e-03 1.10195191e-03 9.67584505e-04
 9.46075598e-04]
  0%|          | 0/750 [00:00<?, ?it/s]
Episode 316 - Time 749 - Avg reward: -5.3843 - Loss: 976.44 - Action counts: [1.99017596e+01 1.19104230e-01 2.61700696e+00 1.71729425e+01
 3.70961322e-02 9.43972625e-02 7.18106371e-01 5.92238372e+01
 1.07463876e-01 1.07255906e-03 1.10869219e-03 9.18357410e-04
 1.01021417e-03 1.17013322e-03 1.09845552e-03 9.64495989e-04
 9.43055738e-04]
  0%|          | 0/750 [00:00<?, ?it/s]
Episode 317 - Time 749 - Avg reward: -5.2371 - Loss: 1044.98 - Action counts: [2.00497434e+01 1.18773254e-01 2.60957565e+00 1.71181962e+01
 3.69884001e-02 9.49846432e-02 7.17219199e-01 5.91391037e+01
 1.07156120e-01 1.06912798e-03 1.10514552e-03 9.15419615e-04
 1.00698253e-03 1.16639000e-03 1.09496255e-03 9.61410598e-04
 9.40038934e-04]
  0%|          | 0/750 [00:00<?, ?it/s]
Episode 318 - Time 749 - Avg reward: -4.5075 - Loss: 1151.85 - Action counts: [2.02207586e+01 1.18431364e-01 2.60202815e+00 1.70639822e+01
 3.68801260e-02 9.55869500e-02 7.16296387e-01 5.90309632e+01
 1.06839698e-01 1.06575363e-03 1.10165679e-03 9.12512519e-04
 1.00378466e-03 1.16270678e-03 1.09148528e-03 9.58357449e-04
 9.37053654e-04]
  0%|          | 0/750 [00:00<?, ?it/s]
Episode 319 - Time 749 - Avg reward: -6.4695 - Loss: 1208.01 - Action counts: [2.03716146e+01 1.18088716e-01 2.59453404e+00 1.70106060e+01
 3.67721658e-02 9.58824003e-02 7.15238233e-01 5.89425302e+01
 1.06526069e-01 1.06241181e-03 1.09820239e-03 9.09651203e-04
 1.00065796e-03 1.15906095e-03 1.08808359e-03 9.55373200e-04
 9.34115386e-04]
  0%|          | 0/750 [00:00<?, ?it/s]
Episode 320 - Time 749 - Avg reward: -5.1214 - Loss: 1180.61 - Action counts: [2.05319654e+01 1.17734976e-01 2.58693929e+00 1.69571015e+01
 3.66618057e-02 9.61159719e-02 7.13877731e-01 5.88452193e+01
 1.06202302e-01 1.05905901e-03 1.09473664e-03 9.06801248e-04
 9.97500053e-04 1.15540314e-03 1.08464977e-03 9.52358199e-04
 9.31167472e-04]
  0%|          | 0/750 [00:00<?, ?it/s]
Episode 321 - Time 749 - Avg reward: -6.7287 - Loss: 1092.44 - Action counts: [2.06642030e+01 1.17387315e-01 2.57939980e+00 1.69048886e+01
 3.65529592e-02 9.62755070e-02 7.12346636e-01 5.87749053e+01
 1.05884467e-01 1.05578802e-03 1.09135546e-03 9.04000519e-04
 9.94419193e-04 1.15183459e-03 1.08129974e-03 9.49416764e-04
 9.28291485e-04]
  0%|          | 0/750 [00:00<?, ?it/s]
Episode 322 - Time 749 - Avg reward: -4.6009 - Loss: 1092.59 - Action counts: [2.08042905e+01 1.17036398e-01 2.57181922e+00 1.68513741e+01
 3.64428012e-02 9.66275307e-02 7.11072801e-01 5.86976418e+01
 1.05564321e-01 1.05245232e-03 1.08788606e-03 9.01126719e-04
 9.91257953e-04 1.14817293e-03 1.07786231e-03 9.46398586e-04
 9.25340464e-04]
  0%|          | 0/750 [00:00<?, ?it/s]
Episode 323 - Time 749 - Avg reward: -5.6572 - Loss: 956.77 - Action counts: [2.09831123e+01 1.16681191e-01 2.56409926e+00 1.67971620e+01
 3.63302208e-02 9.68434740e-02 7.09743136e-01 5.85826855e+01
 1.05238681e-01 1.04905143e-03 1.08437067e-03 8.98235380e-04
 9.88054806e-04 1.14448328e-03 1.07437931e-03 9.43360956e-04
 9.22350323e-04]
  0%|          | 0/750 [00:00<?, ?it/s]
Episode 324 - Time 749 - Avg reward: -3.6353 - Loss: 889.90 - Action counts: [2.11564372e+01 1.16339774e-01 2.55666041e+00 1.67456173e+01
 3.62223989e-02 9.69368523e-02 7.08473466e-01 5.84703044e+01
 1.04928863e-01 1.04581434e-03 1.08102460e-03 8.95484163e-04
 9.85005936e-04 1.14095172e-03 1.07106407e-03 9.40449998e-04
 9.19504199e-04]
  0%|          | 0/750 [00:00<?, ?it/s]
Episode 325 - Time 749 - Avg reward: -5.5152 - Loss: 1040.80 - Action counts: [2.13264731e+01 1.16007631e-01 2.54947219e+00 1.66961059e+01
 3.61177683e-02 9.70375609e-02 7.07651153e-01 5.83584491e+01
 1.04630505e-01 1.04269529e-03 1.07777942e-03 8.92795965e-04
 9.82048999e-04 1.13752664e-03 1.06786922e-03 9.37626816e-04
 9.16743895e-04]
  0%|          | 0/750 [00:00<?, ?it/s]
Episode 326 - Time 749 - Avg reward: -4.9828 - Loss: 1022.07 - Action counts: [2.15010227e+01 1.15672260e-01 2.54222757e+00 1.66461387e+01
 3.60119568e-02 9.71633143e-02 7.07060344e-01 5.82423424e+01
 1.04330084e-01 1.03952767e-03 1.07450521e-03 8.90083726e-04
 9.79065616e-04 1.13407093e-03 1.06464550e-03 9.34778384e-04
 9.13958904e-04]
  0%|          | 0/750 [00:00<?, ?it/s]
Episode 327 - Time 749 - Avg reward: -5.3170 - Loss: 1007.48 - Action counts: [2.16522104e+01 1.15330983e-01 2.53484150e+00 1.65957725e+01
 3.59060752e-02 9.71462803e-02 7.06138467e-01 5.81506230e+01
 1.04024684e-01 1.03634933e-03 1.07121993e-03 8.87362311e-04
 9.76072140e-04 1.13060353e-03 1.06141067e-03 9.31920316e-04
 9.11164490e-04]
  0%|          | 0/750 [00:00<?, ?it/s]
Episode 328 - Time 749 - Avg reward: -3.4051 - Loss: 950.40 - Action counts: [2.18120591e+01 1.14985229e-01 2.52741840e+00 1.65444430e+01
 3.57992466e-02 9.72221075e-02 7.05572008e-01 5.80508010e+01
 1.03718835e-01 1.03310331e-03 1.06788426e-03 8.84565610e-04
 9.73016097e-04 1.12704020e-03 1.05808567e-03 9.28983181e-04
 9.08292772e-04]
  0%|          | 0/750 [00:00<?, ?it/s]
Episode 329 - Time 749 - Avg reward: -5.0451 - Loss: 1310.98 - Action counts: [2.19769985e+01 1.14647796e-01 2.52021862e+00 1.64943839e+01
 3.56945112e-02 9.73118407e-02 7.05444338e-01 5.79439198e+01
 1.03424235e-01 1.02992707e-03 1.06460108e-03 8.81846040e-04
 9.70024589e-04 1.12357515e-03 1.05485280e-03 9.26127051e-04
 9.05500254e-04]
  0%|          | 0/750 [00:00<?, ?it/s]
Episode 330 - Time 749 - Avg reward: -4.7354 - Loss: 1219.74 - Action counts: [2.21062862e+01 1.14323343e-01 2.51335526e+00 1.64457777e+01
 3.55971949e-02 9.74029956e-02 7.05074716e-01 5.78711029e+01
 1.03146924e-01 1.02685493e-03 1.06142551e-03 8.79215609e-04
 9.67131133e-04 1.12022367e-03 1.05172643e-03 9.23364535e-04
 9.02799265e-04]
  0%|          | 0/750 [00:00<?, ?it/s]
Episode 331 - Time 749 - Avg reward: -5.1668 - Loss: 947.85 - Action counts: [2.22566085e+01 1.13988819e-01 2.50627006e+00 1.63965368e+01
 3.54952146e-02 9.74140614e-02 7.04395095e-01 5.77785280e+01
 1.02854587e-01 1.02375112e-03 1.05821720e-03 8.76558054e-04
 9.64227902e-04 1.11683764e-03 1.04856750e-03 9.20573534e-04
 9.00070425e-04]
  0%|          | 0/750 [00:00<?, ?it/s]
Episode 332 - Time 749 - Avg reward: -5.1811 - Loss: 876.96 - Action counts: [2.24218400e+01 1.13664459e-01 2.49938352e+00 1.63488244e+01
 3.53968341e-02 9.73727685e-02 7.03651714e-01 5.76694113e+01
 1.02569411e-01 1.02076979e-03 1.05511483e-03 8.73988249e-04
 9.61401076e-04 1.11356340e-03 1.04551342e-03 9.17874689e-04
 8.97431689e-04]
  0%|          | 0/750 [00:00<?, ?it/s]
Episode 333 - Time 749 - Avg reward: -5.8568 - Loss: 1236.88 - Action counts: [2.25654201e+01 1.13338432e-01 2.49246637e+00 1.63006004e+01
 3.52972643e-02 9.73681490e-02 7.02936181e-01 5.75824205e+01
 1.02290328e-01 1.01773334e-03 1.05197622e-03 8.71388430e-04
 9.58541233e-04 1.11025093e-03 1.04240337e-03 9.15144322e-04
 8.94762134e-04]
  0%|          | 0/750 [00:00<?, ?it/s]
Episode 334 - Time 749 - Avg reward: -5.4787 - Loss: 1115.17 - Action counts: [2.26521411e+01 1.13011245e-01 2.48548157e+00 1.62522032e+01
 3.51969512e-02 9.73152603e-02 7.01773799e-01 5.75530222e+01
 1.02016047e-01 1.01468964e-03 1.04883011e-03 8.68782396e-04
 9.55674554e-04 1.10693054e-03 1.03930577e-03 9.12407429e-04
 8.92086197e-04]
  0%|          | 0/750 [00:00<?, ?it/s]
Episode 335 - Time 749 - Avg reward: -6.5851 - Loss: 983.62 - Action counts: [2.27504806e+01 1.12692124e-01 2.47868585e+00 1.62053505e+01
 3.50980192e-02 9.72534514e-02 7.00528909e-01 5.75103407e+01
 1.01753950e-01 1.01173980e-03 1.04578102e-03 8.66256730e-04
 9.52896281e-04 1.10371254e-03 1.03630420e-03 9.09754940e-04
 8.89492784e-04]
  0%|          | 0/750 [00:00<?, ?it/s]
Episode 336 - Time 749 - Avg reward: -5.4534 - Loss: 863.38 - Action counts: [2.28976819e+01 1.12368051e-01 2.47176670e+00 1.61572013e+01
 3.49973280e-02 9.72149516e-02 6.99267676e-01 5.74202191e+01
 1.01490389e-01 1.00870963e-03 1.04266866e-03 8.63662282e-04
 9.50062114e-04 1.10040691e-03 1.03320046e-03 9.07030214e-04
 8.86828744e-04]
  0%|          | 0/750 [00:00<?, ?it/s]
Episode 337 - Time 749 - Avg reward: -4.3735 - Loss: 770.14 - Action counts: [2.30423724e+01 1.12053325e-01 2.46504795e+00 1.61102066e+01
 3.48980149e-02 9.72549247e-02 6.98160144e-01 5.73310062e+01
 1.01230688e-01 1.00577600e-03 1.03961589e-03 8.61133618e-04
 9.47280485e-04 1.09718510e-03 1.03019512e-03 9.04374576e-04
 8.84232252e-04]
  0%|          | 0/750 [00:00<?, ?it/s]
Episode 338 - Time 749 - Avg reward: -7.7998 - Loss: 1161.32 - Action counts: [2.31671350e+01 1.11734289e-01 2.45817700e+00 1.60626649e+01
 3.47968510e-02 9.72995185e-02 6.97085928e-01 5.72624015e+01
 1.00958132e-01 1.00278962e-03 1.03652904e-03 8.58596366e-04
 9.44467793e-04 1.09392731e-03 1.02713623e-03 9.01689281e-04
 8.81606764e-04]
  0%|          | 0/750 [00:00<?, ?it/s]
Episode 339 - Time 749 - Avg reward: -4.7663 - Loss: 867.74 - Action counts: [2.32423351e+01 1.11425203e-01 2.45152115e+00 1.60166090e+01
 3.46990515e-02 9.72930374e-02 6.95924554e-01 5.72417706e+01
 1.00697849e-01 9.99898356e-04 1.03354049e-03 8.56120842e-04
 9.41744682e-04 1.09077327e-03 1.02417477e-03 8.99089510e-04
 8.79064896e-04]
  0%|          | 0/750 [00:00<?, ?it/s]
Episode 340 - Time 749 - Avg reward: -4.6322 - Loss: 1087.74 - Action counts: [2.33283097e+01 1.11109863e-01 2.44471510e+00 1.59692730e+01
 3.45989031e-02 9.73180226e-02 6.94993287e-01 5.72115456e+01
 1.00435163e-01 9.96922380e-04 1.03046439e-03 8.53572787e-04
 9.38941787e-04 1.08752682e-03 1.02112654e-03 8.96413569e-04
 8.76448554e-04]
  0%|          | 0/750 [00:00<?, ?it/s]
Episode 341 - Time 749 - Avg reward: -5.8760 - Loss: 711.56 - Action counts: [2.33818605e+01 1.10792182e-01 2.43783708e+00 1.59226046e+01
 3.44989173e-02 9.71856764e-02 6.93613936e-01 5.72137577e+01
 1.00170607e-01 9.93996521e-04 1.02744009e-03 8.51067644e-04
 9.36186095e-04 1.08433505e-03 1.01812965e-03 8.93782693e-04
 8.73876272e-04]
  0%|          | 0/750 [00:00<?, ?it/s]
Episode 342 - Time 749 - Avg reward: -3.7954 - Loss: 654.21 - Action counts: [2.33813755e+01 1.10480616e-01 2.43110618e+00 1.58762406e+01
 3.44001743e-02 9.70792543e-02 6.92423563e-01 5.72693145e+01
 9.99232292e-02 9.91086591e-04 1.02443225e-03 8.48576138e-04
 9.33445405e-04 1.08116065e-03 1.01518791e-03 8.91185559e-04
 8.71317994e-04]
  0%|          | 0/750 [00:00<?, ?it/s]
Episode 343 - Time 749 - Avg reward: -4.1496 - Loss: 628.62 - Action counts: [2.33764116e+01 1.10160241e-01 2.42417855e+00 1.58289322e+01
 3.42986584e-02 9.69452590e-02 6.91073511e-01 5.73306854e+01
 9.96810805e-02 9.88120027e-04 1.02136587e-03 8.46036143e-04
 9.30651375e-04 1.07792448e-03 1.01218793e-03 8.88518024e-04
 8.68709927e-04]
  0%|          | 0/750 [00:00<?, ?it/s]
Episode 344 - Time 749 - Avg reward: -5.1270 - Loss: 626.64 - Action counts: [2.33622639e+01 1.09847871e-01 2.41743712e+00 1.57829734e+01
 3.42001626e-02 9.68138174e-02 6.89597207e-01 5.73997881e+01
 9.94672142e-02 9.85237936e-04 1.01838681e-03 8.43568474e-04
 9.27936906e-04 1.07478045e-03 1.00923564e-03 8.85926447e-04
 8.66176125e-04]
  0%|          | 0/750 [00:00<?, ?it/s]
Episode 345 - Time 749 - Avg reward: -4.7644 - Loss: 664.82 - Action counts: [2.33973952e+01 1.09541347e-01 2.41075863e+00 1.57373953e+01
 3.41030771e-02 9.67276102e-02 6.88165402e-01 5.74190624e+01
 9.92618634e-02 9.82377323e-04 1.01542995e-03 8.41119195e-04
 9.25242665e-04 1.07165985e-03 1.00632460e-03 8.83354182e-04
 8.63661205e-04]
  0%|          | 0/750 [00:00<?, ?it/s]
Episode 346 - Time 749 - Avg reward: -5.8564 - Loss: 1064.18 - Action counts: [2.34485337e+01 1.09238497e-01 2.40416221e+00 1.56926975e+01
 3.40078259e-02 9.66164984e-02 6.86724274e-01 5.74214202e+01
 9.90316849e-02 9.79572684e-04 1.01253095e-03 8.38717841e-04
 9.22620337e-04 1.06860032e-03 1.00345159e-03 8.80832249e-04
 8.61195494e-04]
  0%|          | 0/750 [00:00<?, ?it/s]
Episode 347 - Time 749 - Avg reward: -5.2560 - Loss: 1009.91 - Action counts: [2.35139512e+01 1.08927258e-01 2.39736975e+00 1.56460110e+01
 3.39091499e-02 9.65519274e-02 6.85387514e-01 5.74115455e+01
 9.88018100e-02 9.76661323e-04 1.00950185e-03 8.36208725e-04
 9.19860218e-04 1.06540348e-03 1.00050707e-03 8.78197143e-04
 8.58619134e-04]
  0%|          | 0/750 [00:00<?, ?it/s]
Episode 348 - Time 749 - Avg reward: -6.1555 - Loss: 651.85 - Action counts: [2.35124598e+01 1.08624475e-01 2.39079538e+00 1.56007085e+01
 3.38131344e-02 9.64635710e-02 6.84104035e-01 5.74669409e+01
 9.85672101e-02 9.73840193e-04 1.00656614e-03 8.33776960e-04
 9.17185188e-04 1.06230520e-03 9.97597512e-04 8.75643272e-04
 8.56122198e-04]
  0%|          | 0/750 [00:00<?, ?it/s]
Episode 349 - Time 749 - Avg reward: -5.5537 - Loss: 451.94 - Action counts: [2.34941073e+01 1.08320405e-01 2.38415979e+00 1.55562930e+01
 3.37186045e-02 9.62711448e-02 6.82522243e-01 5.75387981e+01
 9.83078553e-02 9.71061773e-04 1.00369435e-03 8.31398148e-04
 9.14568408e-04 1.05927438e-03 9.94751311e-04 8.73145014e-04
 8.53679634e-04]
  0%|          | 0/750 [00:00<?, ?it/s]
Episode 350 - Time 749 - Avg reward: -6.3316 - Loss: 647.09 - Action counts: [2.34823148e+01 1.08026499e-01 2.37771794e+00 1.55126790e+01
 3.36261921e-02 9.61120673e-02 6.81145946e-01 5.76028354e+01
 9.80616854e-02 9.68348326e-04 1.00087011e-03 8.29058719e-04
 9.11994950e-04 1.05629375e-03 9.91952231e-04 8.70688115e-04
 8.51277508e-04]
  0%|          | 0/750 [00:00<?, ?it/s]
Episode 351 - Time 749 - Avg reward: -5.6347 - Loss: 839.25 - Action counts: [2.34996396e+01 1.07723449e-01 2.37111147e+00 1.54676683e+01
 3.35314196e-02 9.59682347e-02 6.79716754e-01 5.76393762e+01
 9.78058892e-02 9.65528681e-04 9.97955764e-04 8.26644659e-04
 9.09339396e-04 1.05321802e-03 9.89082776e-04 8.68152839e-04
 8.48798751e-04]
  0%|          | 0/750 [00:00<?, ?it/s]
Episode 352 - Time 749 - Avg reward: -5.6164 - Loss: 1004.27 - Action counts: [2.35183418e+01 1.07429739e-01 2.36471200e+00 1.54238801e+01
 3.34395922e-02 9.58379776e-02 6.78462131e-01 5.76729001e+01
 9.75591038e-02 9.62784039e-04 9.95118943e-04 8.24294813e-04
 9.06754479e-04 1.05022411e-03 9.86271178e-04 8.65685000e-04
 8.46385929e-04]
  0%|          | 0/750 [00:00<?, ?it/s]
Episode 353 - Time 749 - Avg reward: -4.7007 - Loss: 1032.99 - Action counts: [2.35555514e+01 1.07142279e-01 2.35856905e+00 1.53809087e+01
 3.33509813e-02 9.57363967e-02 6.77459457e-01 5.76865351e+01
 9.73298016e-02 9.60087617e-04 9.92331962e-04 8.21986251e-04
 9.04214976e-04 1.04728280e-03 9.83546601e-04 8.63260519e-04
 8.44015498e-04]
  0%|          | 0/750 [00:00<?, ?it/s]
Episode 354 - Time 749 - Avg reward: -5.4966 - Loss: 930.72 - Action counts: [2.35967650e+01 1.06851890e-01 2.35244615e+00 1.53380261e+01
 3.32616721e-02 9.55965485e-02 6.76671203e-01 5.76958886e+01
 9.70968331e-02 9.57398911e-04 9.89552957e-04 8.19684295e-04
 9.01682740e-04 1.04436866e-03 9.80810958e-04 8.60842975e-04
 8.41651849e-04]
  0%|          | 0/750 [00:00<?, ?it/s]
Episode 355 - Time 749 - Avg reward: -4.8312 - Loss: 782.19 - Action counts: [2.36083015e+01 1.06553682e-01 2.34620469e+00 1.52946943e+01
 3.31701247e-02 9.54081178e-02 6.75724639e-01 5.77357157e+01
 9.68522019e-02 9.54685210e-04 9.86748117e-04 8.17360940e-04
 8.99126964e-04 1.04140845e-03 9.78030897e-04 8.58402957e-04
 8.39266228e-04]
  0%|          | 0/750 [00:00<?, ?it/s]
Episode 356 - Time 749 - Avg reward: -4.5485 - Loss: 762.25 - Action counts: [2.36151410e+01 1.06254773e-01 2.33997508e+00 1.52512074e+01
 3.30782241e-02 9.52242710e-02 6.75099426e-01 5.77800559e+01
 9.66099550e-02 9.51961794e-04 9.83933235e-04 8.15029266e-04
 8.96562038e-04 1.03843764e-03 9.75240883e-04 8.55954204e-04
 8.36872066e-04]
  0%|          | 0/750 [00:00<?, ?it/s]
Episode 357 - Time 749 - Avg reward: -6.3811 - Loss: 834.37 - Action counts: [2.36225066e+01 1.05958477e-01 2.33374174e+00 1.52081226e+01
 3.29873303e-02 9.50463953e-02 6.74843225e-01 5.78230913e+01
 9.63691711e-02 9.49264051e-04 9.81144889e-04 8.12719574e-04
 8.94021291e-04 1.03549484e-03 9.72477170e-04 8.53528535e-04
 8.34500473e-04]
  0%|          | 0/750 [00:00<?, ?it/s]
Episode 358 - Time 749 - Avg reward: -5.2550 - Loss: 791.46 - Action counts: [2.36317227e+01 1.05680609e-01 2.32794880e+00 1.51677870e+01
 3.29019552e-02 9.48709912e-02 6.74104625e-01 5.78615076e+01
 9.61620518e-02 9.46739447e-04 9.78535497e-04 8.10558115e-04
 8.91643608e-04 1.03274090e-03 9.69890830e-04 8.51258543e-04
 8.32281088e-04]
  0%|          | 0/750 [00:00<?, ?it/s]
Episode 359 - Time 749 - Avg reward: -4.3556 - Loss: 830.81 - Action counts: [2.36434240e+01 1.05380710e-01 2.32178491e+00 1.51240241e+01
 3.28093817e-02 9.46868266e-02 6.73046049e-01 5.79016218e+01
 9.59297031e-02 9.44000104e-04 9.75704154e-04 8.08212806e-04
 8.89082179e-04 1.02975271e-03 9.67102997e-04 8.48795469e-04
 8.29872924e-04]
  0%|          | 0/750 [00:00<?, ?it/s]
Episode 360 - Time 749 - Avg reward: -3.4805 - Loss: 645.89 - Action counts: [2.36602386e+01 1.05090227e-01 2.31577743e+00 1.50814208e+01
 3.27188149e-02 9.45019509e-02 6.72031216e-01 5.79352400e+01
 9.57090363e-02 9.41332202e-04 9.72946651e-04 8.05928662e-04
 8.86569484e-04 1.02684246e-03 9.64388247e-04 8.46396632e-04
 8.27527565e-04]
  0%|          | 0/750 [00:00<?, ?it/s]
Episode 361 - Time 749 - Avg reward: -4.6541 - Loss: 595.95 - Action counts: [2.36708470e+01 1.04810861e-01 2.31014290e+00 1.50407463e+01
 3.26319161e-02 9.42995671e-02 6.70748857e-01 5.79730301e+01
 9.54901268e-02 9.38806031e-04 9.70316626e-04 8.03750112e-04
 8.84172950e-04 1.02406675e-03 9.61818147e-04 8.44108691e-04
 8.25290630e-04]
  0%|          | 0/750 [00:00<?, ?it/s]
Episode 362 - Time 749 - Avg reward: -5.0176 - Loss: 1021.29 - Action counts: [2.36949180e+01 1.04533992e-01 2.30509030e+00 1.50000720e+01
 3.25452644e-02 9.41125153e-02 6.70187426e-01 5.79960241e+01
 9.52837003e-02 9.36258210e-04 9.67683289e-04 8.01568819e-04
 8.81773398e-04 1.02128754e-03 9.59226219e-04 8.41817869e-04
 8.23050878e-04]
  0%|          | 0/750 [00:00<?, ?it/s]
Episode 363 - Time 749 - Avg reward: -3.9781 - Loss: 586.38 - Action counts: [2.37256383e+01 1.04253883e-01 2.29956315e+00 1.49590660e+01
 3.24576071e-02 9.39106751e-02 6.69364613e-01 5.80134715e+01
 9.50614186e-02 9.33693866e-04 9.65032874e-04 7.99373379e-04
 8.79358284e-04 1.01849031e-03 9.56617262e-04 8.39512190e-04
 8.20796601e-04]
  0%|          | 0/750 [00:00<?, ?it/s]
Episode 364 - Time 749 - Avg reward: -4.9731 - Loss: 780.92 - Action counts: [2.37304448e+01 1.03988408e-01 2.29461177e+00 1.49195799e+01
 3.23739554e-02 9.37526131e-02 6.68812877e-01 5.80543466e+01
 9.48952394e-02 9.31223459e-04 9.62479548e-04 7.97258363e-04
 8.77031640e-04 1.01581379e-03 9.54104449e-04 8.37290972e-04
 8.18624901e-04]
  0%|          | 0/750 [00:00<?, ?it/s]
Episode 365 - Time 749 - Avg reward: -4.3487 - Loss: 592.16 - Action counts: [2.37312467e+01 1.03708925e-01 2.28948160e+00 1.48788407e+01
 3.22870247e-02 9.35995524e-02 6.67908502e-01 5.81010144e+01
 9.47384347e-02 9.28676347e-04 9.59846944e-04 7.95077677e-04
 8.74632756e-04 1.01303530e-03 9.51494753e-04 8.35000788e-04
 8.16385773e-04]
  0%|          | 0/750 [00:00<?, ?it/s]
Episode 366 - Time 749 - Avg reward: -3.7874 - Loss: 883.92 - Action counts: [2.37421065e+01 1.03427747e-01 2.28419918e+00 1.48378647e+01
 3.21993049e-02 9.34918487e-02 6.67172952e-01 5.81378195e+01
 9.45638595e-02 9.26114627e-04 9.57199241e-04 7.92884484e-04
 8.72220113e-04 1.01024088e-03 9.48870089e-04 8.32697469e-04
 8.14133803e-04]
  0%|          | 0/750 [00:00<?, ?it/s]
Episode 367 - Time 749 - Avg reward: -5.4687 - Loss: 552.98 - Action counts: [2.37532068e+01 1.03153023e-01 2.27873463e+00 1.47981355e+01
 3.21137114e-02 9.33780034e-02 6.66136816e-01 5.81736573e+01
 9.43490337e-02 9.23632492e-04 9.54633794e-04 7.90759426e-04
 8.69882423e-04 1.00753327e-03 9.46326965e-04 8.30465706e-04
 8.11951794e-04]
  0%|          | 0/750 [00:00<?, ?it/s]
Episode 368 - Time 749 - Avg reward: -5.6050 - Loss: 562.23 - Action counts: [2.37328459e+01 1.02876540e-01 2.27340075e+00 1.47578541e+01
 3.20272911e-02 9.33736878e-02 6.65600039e-01 5.82407427e+01
 9.41631932e-02 9.21113707e-04 9.52030468e-04 7.88602992e-04
 8.67510217e-04 1.00478569e-03 9.43764340e-04 8.28200991e-04
 8.09737567e-04]
  0%|          | 0/750 [00:00<?, ?it/s]
Episode 369 - Time 749 - Avg reward: -4.7859 - Loss: 772.92 - Action counts: [2.36994506e+01 1.02603242e-01 2.26794009e+00 1.47182141e+01
 3.19418750e-02 1.03810072e-01 6.64665446e-01 5.83103289e+01
 9.39490767e-02 9.18636410e-04 9.49470021e-04 7.86482078e-04
 8.65177085e-04 1.00208336e-03 9.41226125e-04 8.25973579e-04
 8.07559812e-04]
  0%|          | 0/750 [00:00<?, ?it/s]
Episode 370 - Time 749 - Avg reward: -4.9893 - Loss: 786.61 - Action counts: [2.36533163e+01 1.02326038e-01 2.26234687e+00 1.46780926e+01
 3.18552678e-02 1.42421015e-01 6.63514252e-01 5.83653298e+01
 9.37206557e-02 9.16129616e-04 9.46879088e-04 7.84335909e-04
 8.62816171e-04 9.99348851e-04 9.38657688e-04 8.23719645e-04
 8.05356126e-04]
  0%|          | 0/750 [00:00<?, ?it/s]
Episode 371 - Time 749 - Avg reward: -4.8155 - Loss: 746.73 - Action counts: [2.36075563e+01 1.02057422e-01 2.25715225e+00 1.46391882e+01
 3.17714219e-02 1.72231957e-01 6.62386418e-01 5.84270938e+01
 9.35038225e-02 9.13698716e-04 9.44366595e-04 7.82254716e-04
 8.60526736e-04 9.96697134e-04 9.36184914e-04 8.21533950e-04
 8.03219157e-04]
  0%|          | 0/750 [00:00<?, ?it/s]
Episode 372 - Time 749 - Avg reward: -5.2873 - Loss: 786.58 - Action counts: [2.35544716e+01 1.01781837e-01 2.25178654e+00 1.45993893e+01
 3.16855030e-02 2.05385744e-01 6.61084370e-01 5.84941047e+01
 9.32711844e-02 9.11212925e-04 9.41797370e-04 7.80126529e-04
 8.58185604e-04 9.93985539e-04 9.33655802e-04 8.19298901e-04
 8.01033935e-04]
  0%|          | 0/750 [00:00<?, ?it/s]
Episode 373 - Time 749 - Avg reward: -5.5249 - Loss: 1022.69 - Action counts: [2.35020395e+01 1.01512743e-01 2.24681064e+00 1.45604013e+01
 3.16014906e-02 2.58958042e-01 6.60115304e-01 5.85384826e+01
 9.30578603e-02 9.08776409e-04 9.39279074e-04 7.78040529e-04
 8.55890879e-04 9.91327695e-04 9.31159275e-04 8.17108156e-04
 7.98892029e-04]
  0%|          | 0/750 [00:00<?, ?it/s]
Episode 374 - Time 749 - Avg reward: -4.4047 - Loss: 1221.01 - Action counts: [2.34450380e+01 1.01237831e-01 2.24149442e+00 1.45205253e+01
 3.15157598e-02 3.50751603e-01 6.59129026e-01 5.85504660e+01
 9.28408664e-02 9.06284462e-04 9.36703486e-04 7.75907071e-04
 8.53543949e-04 9.88609385e-04 9.28605952e-04 8.14867572e-04
 7.96701395e-04]
  0%|          | 0/750 [00:00<?, ?it/s]
Episode 375 - Time 749 - Avg reward: -5.3552 - Loss: 1140.70 - Action counts: [2.33914212e+01 1.00976411e-01 2.23617007e+00 1.44825724e+01
 3.14340950e-02 4.31193969e-01 6.58156064e-01 5.85684626e+01
 9.26302688e-02 9.03913144e-04 9.34252575e-04 7.73876889e-04
 8.51310627e-04 9.86022662e-04 9.26176229e-04 8.12735449e-04
 7.94616804e-04]
  0%|          | 0/750 [00:00<?, ?it/s]
Episode 376 - Time 749 - Avg reward: -5.1671 - Loss: 956.37 - Action counts: [2.33357551e+01 1.00710080e-01 2.23068875e+00 1.44439939e+01
 3.13511551e-02 4.94509826e-01 6.57047915e-01 5.86065606e+01
 9.24184264e-02 9.01503250e-04 9.31761795e-04 7.71813681e-04
 8.49040976e-04 9.83393858e-04 9.23724645e-04 8.10568641e-04
 7.92498302e-04]
  0%|          | 0/750 [00:00<?, ?it/s]
Episode 377 - Time 749 - Avg reward: -4.9044 - Loss: 878.71 - Action counts: [2.32792838e+01 1.00443371e-01 2.22521306e+00 1.44054073e+01
 3.12681150e-02 5.60422482e-01 6.55970735e-01 5.86428451e+01
 9.22002796e-02 8.99092634e-04 9.29270267e-04 7.69749854e-04
 8.46770643e-04 9.80764267e-04 9.21272226e-04 8.08401183e-04
 7.90379164e-04]
  0%|          | 0/750 [00:00<?, ?it/s]
Episode 378 - Time 749 - Avg reward: -5.7352 - Loss: 681.74 - Action counts: [2.32240892e+01 1.00170910e-01 2.21949913e+00 1.43661375e+01
 3.11832662e-02 6.03771915e-01 6.54663451e-01 5.87015919e+01
 9.19659908e-02 8.96640239e-04 9.26735559e-04 7.67650259e-04
 8.44460963e-04 9.78089102e-04 9.18776901e-04 8.06196161e-04
 7.88223300e-04]
  0%|          | 0/750 [00:00<?, ?it/s]
Episode 379 - Time 749 - Avg reward: -6.1329 - Loss: 867.82 - Action counts: [2.31683828e+01 9.99094787e-02 2.21408326e+00 1.43284070e+01
 3.11018652e-02 6.82322817e-01 6.53547410e-01 5.87235891e+01
 9.17477135e-02 8.94283518e-04 9.24299735e-04 7.65632574e-04
 8.42241390e-04 9.75518301e-04 9.16379519e-04 8.04077163e-04
 7.86151541e-04]
  0%|          | 0/750 [00:00<?, ?it/s]
Episode 380 - Time 749 - Avg reward: -4.7648 - Loss: 551.62 - Action counts: [2.31126381e+01 9.96447953e-02 2.20857277e+00 1.42902017e+01
 3.10196047e-02 7.33830047e-01 6.52278674e-01 5.87733953e+01
 9.15288388e-02 8.91897147e-04 9.21833266e-04 7.63589504e-04
 8.39993892e-04 9.72915157e-04 9.13934185e-04 8.01931504e-04
 7.84053717e-04]
  0%|          | 0/750 [00:00<?, ?it/s]
Episode 381 - Time 749 - Avg reward: -4.7756 - Loss: 366.80 - Action counts: [2.30598666e+01 9.93798838e-02 2.20299634e+00 1.42520139e+01
 3.09371532e-02 7.60949025e-01 6.50861912e-01 5.88448202e+01
 9.13032659e-02 8.89512414e-04 9.19368491e-04 7.61547837e-04
 8.37747936e-04 9.70313800e-04 9.11490530e-04 7.99787320e-04
 7.81957333e-04]
  0%|          | 0/750 [00:00<?, ?it/s]
Episode 382 - Time 749 - Avg reward: -4.1071 - Loss: 224.74 - Action counts: [2.30082067e+01 9.91270071e-02 2.19771665e+00 1.42153972e+01
 3.08583278e-02 7.75151230e-01 6.49582656e-01 5.89260145e+01
 9.10917195e-02 8.87225513e-04 9.17004832e-04 7.59589928e-04
 8.35594120e-04 9.67819162e-04 9.09164509e-04 7.97731098e-04
 7.79946952e-04]
  0%|          | 0/750 [00:00<?, ?it/s]
Episode 383 - Time 749 - Avg reward: -4.5253 - Loss: 574.40 - Action counts: [2.29516753e+01 9.88612251e-02 2.19217023e+00 1.41770876e+01
 3.07758255e-02 8.09394420e-01 6.48218523e-01 5.89941131e+01
 9.08681330e-02 8.84833004e-04 9.14532019e-04 7.57541603e-04
 8.33340841e-04 9.65209323e-04 9.06712839e-04 7.95579922e-04
 7.77843732e-04]
  0%|          | 0/750 [00:00<?, ?it/s]
Episode 384 - Time 749 - Avg reward: -4.7181 - Loss: 441.81 - Action counts: [2.28964650e+01 9.86023312e-02 2.18666669e+00 1.41397783e+01
 3.06950770e-02 8.40933422e-01 6.46792085e-01 5.90626045e+01
 9.06449119e-02 8.82503457e-04 9.12124282e-04 7.55547183e-04
 8.31146860e-04 9.62668165e-04 9.04325688e-04 7.93485356e-04
 7.75795862e-04]
  0%|          | 0/750 [00:00<?, ?it/s]
Episode 385 - Time 749 - Avg reward: -4.5424 - Loss: 527.56 - Action counts: [2.28402603e+01 9.83397786e-02 2.18110699e+00 1.41019015e+01
 3.06130538e-02 8.69821022e-01 6.45377979e-01 5.91353610e+01
 9.04190858e-02 8.80138297e-04 9.09679736e-04 7.53522273e-04
 8.28936584e-04 9.60088159e-04 9.01902043e-04 7.91358770e-04
 7.73716684e-04]
  0%|          | 0/750 [00:00<?, ?it/s]
Episode 386 - Time 749 - Avg reward: -4.0493 - Loss: 597.82 - Action counts: [2.27873219e+01 9.80896336e-02 2.17578891e+00 1.40657797e+01
 3.05347605e-02 9.02211757e-01 6.43983908e-01 5.91993010e+01
 9.02065082e-02 8.77882880e-04 9.07348617e-04 7.51591319e-04
 8.26812375e-04 9.57627864e-04 8.99590854e-04 7.89348057e-04
 7.71733980e-04]
  0%|          | 0/750 [00:00<?, ?it/s]
Episode 387 - Time 749 - Avg reward: -4.6900 - Loss: 860.68 - Action counts: [2.27336147e+01 9.78374790e-02 2.17049461e+00 1.40293532e+01
 3.04559909e-02 9.66010697e-01 6.42716321e-01 5.92327582e+01
 8.99944954e-02 8.75607873e-04 9.04997251e-04 7.49643593e-04
 8.24669716e-04 9.55146201e-04 8.97276749e-04 7.87302486e-04
 7.69734055e-04]
  0%|          | 0/750 [00:00<?, ?it/s]
Episode 388 - Time 749 - Avg reward: -5.2212 - Loss: 981.03 - Action counts: [2.26781500e+01 9.75794555e-02 2.16514073e+00 1.39919482e+01
 3.03753960e-02 1.07093304e+00 6.41474857e-01 5.92278595e+01
 8.97924973e-02 8.73288208e-04 9.02582042e-04 7.47660095e-04
 8.22468882e-04 9.52614268e-04 8.94899255e-04 7.85201375e-04
 7.67679830e-04]
  0%|          | 0/750 [00:00<?, ?it/s]
Episode 389 - Time 749 - Avg reward: -4.6375 - Loss: 1103.56 - Action counts: [2.26236576e+01 9.73292613e-02 2.16005985e+00 1.39554841e+01
 3.02968660e-02 1.21296249e+00 6.40453744e-01 5.91834077e+01
 8.96195389e-02 8.71009383e-04 9.00226775e-04 7.45709093e-04
 8.20322668e-04 9.50128443e-04 8.92598169e-04 7.83152410e-04
 7.65676587e-04]
  0%|          | 0/750 [00:00<?, ?it/s]
Episode 390 - Time 749 - Avg reward: -5.6937 - Loss: 937.36 - Action counts: [2.25706286e+01 9.70925841e-02 2.15509376e+00 1.39210497e+01
 3.02225545e-02 1.38880098e+00 6.39366620e-01 5.91015892e+01
 8.94437855e-02 8.68857817e-04 8.98003037e-04 7.43867044e-04
 8.18296309e-04 9.47781438e-04 8.90393275e-04 7.81217869e-04
 7.63785214e-04]
  0%|          | 0/750 [00:00<?, ?it/s]
Episode 391 - Time 749 - Avg reward: -5.6148 - Loss: 838.74 - Action counts: [2.25174433e+01 9.68587024e-02 2.15013993e+00 1.38870841e+01
 3.01490107e-02 1.56298801e+00 6.38225839e-01 5.90211533e+01
 8.92620790e-02 8.66735233e-04 8.95809252e-04 7.42049807e-04
 8.16297244e-04 9.45466046e-04 8.88235062e-04 7.79309385e-04
 7.61919318e-04]
  0%|          | 0/750 [00:00<?, ?it/s]
Episode 392 - Time 749 - Avg reward: -5.2579 - Loss: 818.12 - Action counts: [2.24606844e+01 9.66121895e-02 2.14489644e+00 1.38514397e+01
 3.00720164e-02 1.76194264e+00 6.36995244e-01 5.89216169e+01
 8.90618195e-02 8.64507649e-04 8.93506945e-04 7.40142675e-04
 8.14199290e-04 9.43036118e-04 8.85969161e-04 7.77306493e-04
 7.59961120e-04]
  0%|          | 0/750 [00:00<?, ?it/s]
Episode 393 - Time 749 - Avg reward: -5.4900 - Loss: 938.07 - Action counts: [2.24052432e+01 9.63717455e-02 2.13970189e+00 1.38168310e+01
 2.99970598e-02 1.93150892e+00 6.35669473e-01 5.88491554e+01
 8.88594026e-02 8.62345518e-04 8.91272287e-04 7.38291581e-04
 8.12162980e-04 9.40677587e-04 8.83753355e-04 7.75362452e-04
 7.58060459e-04]
  0%|          | 0/750 [00:00<?, ?it/s]
Episode 394 - Time 749 - Avg reward: -4.4435 - Loss: 933.09 - Action counts: [2.23484790e+01 9.61267641e-02 2.13443017e+00 1.37814755e+01
 2.99207809e-02 2.05711856e+00 6.34425489e-01 5.88227243e+01
 8.86544646e-02 8.60136204e-04 8.88988864e-04 7.36400091e-04
 8.10082233e-04 9.38267588e-04 8.81489194e-04 7.73375987e-04
 7.56118322e-04]
  0%|          | 0/750 [00:00<?, ?it/s]
Episode 395 - Time 749 - Avg reward: -6.2364 - Loss: 1056.05 - Action counts: [2.22931960e+01 9.58872499e-02 2.12931466e+00 1.37469090e+01
 2.98463772e-02 2.17691459e+00 6.33259367e-01 5.87995843e+01
 8.84603280e-02 8.57976048e-04 8.86756247e-04 7.34550687e-04
 8.08047783e-04 9.35911212e-04 8.79275413e-04 7.71433722e-04
 7.54219398e-04]
  0%|          | 0/750 [00:00<?, ?it/s]
Episode 396 - Time 749 - Avg reward: -5.0333 - Loss: 826.94 - Action counts: [2.22391321e+01 9.56493843e-02 2.12414888e+00 1.37126934e+01
 2.97723977e-02 2.29557841e+00 6.31911685e-01 5.87762447e+01
 8.82573590e-02 8.55839282e-04 8.84547804e-04 7.32721308e-04
 8.06035362e-04 9.33580350e-04 8.77085601e-04 7.69512487e-04
 7.52341035e-04]
  0%|          | 0/750 [00:00<?, ?it/s]
Episode 397 - Time 749 - Avg reward: -5.6621 - Loss: 868.36 - Action counts: [2.21845941e+01 9.54058562e-02 2.11890004e+00 1.36775923e+01
 2.96964732e-02 2.39608620e+00 6.30592197e-01 5.87724815e+01
 8.80565200e-02 8.53646653e-04 8.82281625e-04 7.30844104e-04
 8.03970329e-04 9.31188552e-04 8.74838540e-04 7.67541025e-04
 7.50413565e-04]
  0%|          | 0/750 [00:00<?, ?it/s]
Episode 398 - Time 749 - Avg reward: -6.3204 - Loss: 240.21 - Action counts: [2.21349533e+01 9.51690438e-02 2.11377911e+00 1.36435360e+01
 2.96226816e-02 2.42507816e+00 6.29227415e-01 5.88341980e+01
 8.78579738e-02 8.51519707e-04 8.80083332e-04 7.29023132e-04
 8.01983841e-04 9.28868402e-04 8.72658792e-04 7.65628619e-04
 7.48543834e-04]
  0%|          | 0/750 [00:00<?, ?it/s]
Episode 399 - Time 749 - Avg reward: -5.1013 - Loss: 140.21 - Action counts: [2.20849057e+01 9.49325328e-02 2.10863565e+00 1.36095474e+01
 2.95489965e-02 2.42867058e+00 6.27806712e-01 5.89217351e+01
 8.76554130e-02 8.49397283e-04 8.77889713e-04 7.27206033e-04
 7.99984886e-04 9.26553186e-04 8.70483678e-04 7.63720280e-04
 7.46678079e-04]
  0%|          | 0/750 [00:00<?, ?it/s]
Episode 400 - Time 749 - Avg reward: -4.8361 - Loss: 93.71 - Action counts: [2.20321098e+01 9.46943684e-02 2.10346673e+00 1.35753235e+01
 2.94748303e-02 2.43157549e+00 6.26398347e-01 5.90129570e+01
 8.74545004e-02 8.47260098e-04 8.75680838e-04 7.25376296e-04
 7.97972028e-04 9.24221868e-04 8.68293438e-04 7.61798669e-04
 7.44799348e-04]
  0%|          | 0/750 [00:00<?, ?it/s]
Episode 401 - Time 749 - Avg reward: -5.7842 - Loss: 187.36 - Action counts: [2.19784152e+01 9.44572289e-02 2.09830292e+00 1.35412612e+01
 2.94009811e-02 2.43405054e+00 6.24984889e-01 5.91053497e+01
 8.72484863e-02 8.45133003e-04 8.73482391e-04 7.23555197e-04
 7.95968674e-04 9.21901555e-04 8.66113537e-04 7.59886129e-04
 7.42929486e-04]
  0%|          | 0/750 [00:00<?, ?it/s]
Episode 402 - Time 749 - Avg reward: -4.3612 - Loss: 106.65 - Action counts: [2.19254759e+01 9.42230191e-02 2.09319219e+00 1.35076419e+01
 2.93280892e-02 2.43737749e+00 6.23547049e-01 5.91956563e+01
 8.70453295e-02 8.43033921e-04 8.71312896e-04 7.21758081e-04
 7.93991702e-04 9.19611801e-04 8.63962345e-04 7.57998777e-04
 7.41084250e-04]
  0%|          | 0/750 [00:00<?, ?it/s]
Episode 403 - Time 749 - Avg reward: -7.0942 - Loss: 77.71 - Action counts: [2.18727899e+01 9.39909422e-02 2.08811765e+00 1.34743152e+01
 2.92558354e-02 2.43566181e+00 6.22112487e-01 5.92904162e+01
 8.68432931e-02 8.40953203e-04 8.69162382e-04 7.19976688e-04
 7.92032027e-04 9.17342079e-04 8.61829973e-04 7.56127937e-04
 7.39255157e-04]
  0%|          | 0/750 [00:00<?, ?it/s]
Episode 404 - Time 749 - Avg reward: -4.0937 - Loss: 61.90 - Action counts: [2.18200240e+01 9.37601659e-02 2.08309273e+00 1.34411767e+01
 2.91839815e-02 2.43176795e+00 6.20720458e-01 5.93871510e+01
 8.66423165e-02 8.38883996e-04 8.67023765e-04 7.18205149e-04
 7.90083193e-04 9.15084913e-04 8.59709397e-04 7.54267447e-04
 7.37436183e-04]
  0%|          | 0/750 [00:00<?, ?it/s]
Episode 405 - Time 749 - Avg reward: -4.3528 - Loss: 53.29 - Action counts: [2.17687720e+01 9.35350656e-02 2.07815850e+00 1.34088545e+01
 2.91138769e-02 2.42705511e+00 6.19344191e-01 5.94822577e+01
 8.64439636e-02 8.36866034e-04 8.64938112e-04 7.16477484e-04
 7.88182623e-04 9.12883647e-04 8.57641340e-04 7.52453033e-04
 7.35662257e-04]
  0%|          | 0/750 [00:00<?, ?it/s]
Episode 406 - Time 749 - Avg reward: -6.1627 - Loss: 34.09 - Action counts: [2.17156370e+01 9.33034528e-02 2.07308066e+00 1.33756339e+01
 2.90418054e-02 2.42135108e+00 6.17929075e-01 5.95813376e+01
 8.62363529e-02 8.34792018e-04 8.62794525e-04 7.14701829e-04
 7.86229260e-04 9.10621236e-04 8.55515836e-04 7.50588219e-04
 7.33839056e-04]
  0%|          | 0/750 [00:00<?, ?it/s]
Episode 407 - Time 749 - Avg reward: -4.5705 - Loss: 93.91 - Action counts: [2.16630502e+01 9.30733376e-02 2.06805255e+00 1.33426613e+01
 2.89702192e-02 2.41573540e+00 6.16605008e-01 5.96793831e+01
 8.60357149e-02 8.32732433e-04 8.60665852e-04 7.12938528e-04
 7.84289488e-04 9.08374566e-04 8.53405121e-04 7.48736380e-04
 7.32028540e-04]
  0%|          | 0/750 [00:00<?, ?it/s]
Episode 408 - Time 749 - Avg reward: -5.3611 - Loss: 129.11 - Action counts: [2.16101951e+01 9.28423151e-02 2.06304538e+00 1.33095485e+01
 2.88983554e-02 2.40991013e+00 6.15584654e-01 5.97777110e+01
 8.58473118e-02 8.30664879e-04 8.58528944e-04 7.11168405e-04
 7.82342211e-04 9.06119204e-04 8.51286240e-04 7.46877376e-04
 7.30211020e-04]
  0%|          | 0/750 [00:00<?, ?it/s]
Episode 409 - Time 749 - Avg reward: -4.7185 - Loss: 105.46 - Action counts: [2.15586724e+01 9.26181976e-02 2.05819922e+00 1.32774260e+01
 2.88286346e-02 2.40424281e+00 6.14902942e-01 5.98730492e+01
 8.56589167e-02 8.28659398e-04 8.56456191e-04 7.09451426e-04
 7.80453396e-04 9.03931553e-04 8.49230973e-04 7.45074184e-04
 7.28448065e-04]
  0%|          | 0/750 [00:00<?, ?it/s]
Episode 410 - Time 749 - Avg reward: -3.8692 - Loss: 222.21 - Action counts: [2.15054957e+01 9.23867177e-02 2.05337258e+00 1.32442528e+01
 2.87567252e-02 2.39833528e+00 6.14552749e-01 5.99709945e+01
 8.54672986e-02 8.26587757e-04 8.54315058e-04 7.07677803e-04
 7.78502269e-04 9.01671732e-04 8.47107903e-04 7.43211505e-04
 7.26626952e-04]
  0%|          | 0/750 [00:00<?, ?it/s]
Episode 411 - Time 749 - Avg reward: -6.5378 - Loss: 121.55 - Action counts: [2.14535679e+01 9.21593445e-02 2.04859855e+00 1.32116672e+01
 2.86859631e-02 2.39249694e+00 6.13657371e-01 6.00675231e+01
 8.52737420e-02 8.24553295e-04 8.52212350e-04 7.05936011e-04
 7.76586158e-04 8.99452467e-04 8.45022935e-04 7.41382255e-04
 7.24838520e-04]
  0%|          | 0/750 [00:00<?, ?it/s]
Episode 412 - Time 749 - Avg reward: -4.5896 - Loss: 186.10 - Action counts: [2.14023862e+01 9.19351006e-02 2.04427105e+00 1.31795265e+01
 2.86162516e-02 2.38674893e+00 6.12956627e-01 6.01620989e+01
 8.51060181e-02 8.22546255e-04 8.50137986e-04 7.04217697e-04
 7.74695875e-04 8.97263116e-04 8.42966070e-04 7.39577661e-04
 7.23074195e-04]
  0%|          | 0/750 [00:00<?, ?it/s]
Episode 413 - Time 749 - Avg reward: -5.4936 - Loss: 317.57 - Action counts: [2.13513013e+01 9.17099939e-02 2.04053504e+00 1.31472718e+01
 2.85463293e-02 2.38098123e+00 6.12384687e-01 6.02559819e+01
 8.49487939e-02 8.20531786e-04 8.48055944e-04 7.02493023e-04
 7.72798595e-04 8.95065661e-04 8.40901592e-04 7.37766388e-04
 7.21303341e-04]
  0%|          | 0/750 [00:00<?, ?it/s]
Episode 414 - Time 749 - Avg reward: -4.7657 - Loss: 506.21 - Action counts: [2.13024186e+01 9.14962999e-02 2.04329714e+00 1.31166346e+01
 2.84798907e-02 2.37547749e+00 6.11480697e-01 6.03395915e+01
 8.47997195e-02 8.18618856e-04 8.46078845e-04 7.00855280e-04
 7.70996946e-04 8.92978967e-04 8.38941173e-04 7.36046411e-04
 7.19621744e-04]
  0%|          | 0/750 [00:00<?, ?it/s]
Episode 415 - Time 749 - Avg reward: -4.3614 - Loss: 448.33 - Action counts: [2.12520036e+01 9.12760738e-02 2.04445132e+00 1.30850760e+01
 2.84114864e-02 2.36982652e+00 6.10755446e-01 6.04272240e+01
 8.46666441e-02 8.16648060e-04 8.44041941e-04 6.99167995e-04
 7.69140799e-04 8.90829152e-04 8.36921452e-04 7.34274405e-04
 7.17889281e-04]
  0%|          | 0/750 [00:00<?, ?it/s]
Episode 416 - Time 749 - Avg reward: -5.2567 - Loss: 1144.73 - Action counts: [2.12003602e+01 9.10515795e-02 2.05777474e+00 1.30528995e+01
 2.83416510e-02 2.36403427e+00 6.09758881e-01 6.05049817e+01
 8.45040575e-02 8.14639364e-04 8.41965864e-04 6.97448263e-04
 7.67248956e-04 8.88637994e-04 8.34862890e-04 7.32468323e-04
 7.16123500e-04]
  0%|          | 0/750 [00:00<?, ?it/s]
Episode 417 - Time 749 - Avg reward: -4.2309 - Loss: 868.27 - Action counts: [2.11504510e+01 9.08361781e-02 2.09090747e+00 1.30220246e+01
 2.82747155e-02 2.35848526e+00 6.09007135e-01 6.05593754e+01
 8.43597874e-02 8.12711739e-04 8.39973578e-04 6.95797939e-04
 7.65433467e-04 8.86535271e-04 8.32887411e-04 7.30735133e-04
 7.14428986e-04]
  0%|          | 0/750 [00:00<?, ?it/s]
Episode 418 - Time 749 - Avg reward: -4.1848 - Loss: 506.89 - Action counts: [2.10997102e+01 9.06175769e-02 2.10235791e+00 1.29906968e+01
 2.82067297e-02 2.35285506e+00 6.08245875e-01 6.06368334e+01
 8.42131194e-02 8.10755770e-04 8.37951998e-04 6.94123349e-04
 7.63591284e-04 8.84401630e-04 8.30882885e-04 7.28976459e-04
 7.12709556e-04]
  0%|          | 0/750 [00:00<?, ?it/s]
Episode 419 - Time 749 - Avg reward: -5.0764 - Loss: 417.54 - Action counts: [2.10496399e+01 9.04012825e-02 2.10882524e+00 1.29597009e+01
 2.81394667e-02 2.34728160e+00 6.07410582e-01 6.07182875e+01
 8.40650908e-02 8.08820584e-04 8.35951897e-04 6.92466552e-04
 7.61768674e-04 8.82290659e-04 8.28899658e-04 7.27236471e-04
 7.11008396e-04]
  0%|          | 0/750 [00:00<?, ?it/s]
Episode 420 - Time 749 - Avg reward: -4.9460 - Loss: 175.53 - Action counts: [2.09994545e+01 9.01837434e-02 2.11038637e+00 1.29285157e+01
 2.80717586e-02 2.34166048e+00 6.06253064e-01 6.08053473e+01
 8.38935824e-02 8.06873978e-04 8.33939994e-04 6.90799978e-04
 7.59951119e-04 8.80167231e-04 8.26904727e-04 7.25486215e-04
 7.09297196e-04]
  0%|          | 0/750 [00:00<?, ?it/s]
Episode 421 - Time 749 - Avg reward: -5.2339 - Loss: 348.82 - Action counts: [2.09507868e+01 8.99719803e-02 2.10850319e+00 1.28981649e+01
 2.80058958e-02 2.33621130e+00 6.05363252e-01 6.08930156e+01
 8.37583092e-02 8.04979051e-04 8.31981503e-04 6.89177648e-04
 7.58166389e-04 8.78100176e-04 8.24962758e-04 7.23782426e-04
 7.07631426e-04]
  0%|          | 0/750 [00:00<?, ?it/s]
Episode 422 - Time 749 - Avg reward: -4.7163 - Loss: 257.24 - Action counts: [2.09024487e+01 8.97576988e-02 2.10516611e+00 1.28674551e+01
 2.79392537e-02 2.33070533e+00 6.05053353e-01 6.09816314e+01
 8.36391384e-02 8.03061734e-04 8.29999871e-04 6.87536150e-04
 7.56360572e-04 8.76008698e-04 8.22997844e-04 7.22058505e-04
 7.05945975e-04]
  0%|          | 0/750 [00:00<?, ?it/s]
Episode 423 - Time 749 - Avg reward: -5.5333 - Loss: 221.68 - Action counts: [2.08565398e+01 8.95486862e-02 2.10162854e+00 1.28375007e+01
 2.78742151e-02 2.32533689e+00 6.04426988e-01 6.10674520e+01
 8.35026635e-02 8.01191419e-04 8.28066817e-04 6.85934891e-04
 7.54599022e-04 8.73968491e-04 8.21081097e-04 7.20376844e-04
 7.04301840e-04]
  0%|          | 0/750 [00:00<?, ?it/s]
Episode 424 - Time 749 - Avg reward: -5.4136 - Loss: 294.74 - Action counts: [2.08102060e+01 8.93361757e-02 2.09822205e+00 1.28070494e+01
 2.78081345e-02 2.31991116e+00 6.04105483e-01 6.11538129e+01
 8.33738655e-02 7.99289808e-04 8.26101418e-04 6.84306840e-04
 7.52807998e-04 8.71894145e-04 8.19132279e-04 7.18667046e-04
 7.02630195e-04]
  0%|          | 0/750 [00:00<?, ?it/s]
Episode 425 - Time 749 - Avg reward: -5.8534 - Loss: 317.38 - Action counts: [2.07646575e+01 8.91285735e-02 2.09493180e+00 1.27773059e+01
 2.77436537e-02 2.31462097e+00 6.03767429e-01 6.12384334e+01
 8.32503670e-02 7.97432394e-04 8.24181699e-04 6.82716626e-04
 7.51058600e-04 8.69868011e-04 8.17228754e-04 7.16996985e-04
 7.00997401e-04]
  0%|          | 0/750 [00:00<?, ?it/s]
Episode 426 - Time 749 - Avg reward: -4.8748 - Loss: 272.77 - Action counts: [2.07180893e+01 8.89186837e-02 2.09164440e+00 1.27472232e+01
 2.76784155e-02 2.30925288e+00 6.03627056e-01 6.13242902e+01
 8.31298644e-02 7.95553675e-04 8.22239960e-04 6.81108173e-04
 7.49289136e-04 8.67818637e-04 8.15318984e-04 7.15307769e-04
 6.99345879e-04]
  0%|          | 0/750 [00:00<?, ?it/s]
Episode 427 - Time 749 - Avg reward: -6.1354 - Loss: 232.99 - Action counts: [2.06709843e+01 8.87102425e-02 2.08779553e+00 1.27173470e+01
 2.76135597e-02 2.30389524e+00 6.03258098e-01 6.14112733e+01
 8.29911372e-02 7.93688199e-04 8.20311908e-04 6.79511058e-04
 7.47532144e-04 8.65783708e-04 8.13407161e-04 7.13630460e-04
 6.97705999e-04]
  0%|          | 0/750 [00:00<?, ?it/s]
Episode 428 - Time 749 - Avg reward: -4.8095 - Loss: 248.28 - Action counts: [2.06238366e+01 8.85027371e-02 2.08366288e+00 1.26876239e+01
 2.75490357e-02 2.29855050e+00 6.03749820e-01 6.14975777e+01
 8.28296548e-02 7.91831376e-04 8.18392799e-04 6.77921351e-04
 7.45783303e-04 8.63758219e-04 8.11504206e-04 7.11960931e-04
 6.96073725e-04]
  0%|          | 0/750 [00:00<?, ?it/s]
Episode 429 - Time 749 - Avg reward: -5.9729 - Loss: 203.83 - Action counts: [2.05763165e+01 8.82944224e-02 2.07952421e+00 1.26577868e+01
 2.74842024e-02 2.29318094e+00 6.03608501e-01 6.15850367e+01
 8.26648769e-02 7.89967452e-04 8.16466350e-04 6.76325564e-04
 7.44027773e-04 8.61724983e-04 8.09593973e-04 7.10285017e-04
 6.94435209e-04]
  0%|          | 0/750 [00:00<?, ?it/s]
Episode 430 - Time 749 - Avg reward: -5.1011 - Loss: 180.19 - Action counts: [2.05295652e+01 8.80915683e-02 2.07531012e+00 1.26287178e+01
 2.74210389e-02 2.28794011e+00 6.02999495e-01 6.16713677e+01
 8.24982018e-02 7.88151970e-04 8.14589969e-04 6.74771251e-04
 7.42317868e-04 8.59744590e-04 8.07733385e-04 7.08652659e-04
 6.92839276e-04]
  0%|          | 0/750 [00:00<?, ?it/s]
Episode 431 - Time 749 - Avg reward: -5.6518 - Loss: 261.71 - Action counts: [2.04826898e+01 8.78889736e-02 2.07162407e+00 1.25996881e+01
 2.73580025e-02 2.28271163e+00 6.02386235e-01 6.17572345e+01
 8.23439268e-02 7.86338812e-04 8.12715990e-04 6.73218927e-04
 7.40610152e-04 8.57766731e-04 8.05875180e-04 7.07022390e-04
 6.91245386e-04]
  0%|          | 0/750 [00:00<?, ?it/s]
Episode 432 - Time 749 - Avg reward: -6.1853 - Loss: 184.80 - Action counts: [2.04360969e+01 8.76878915e-02 2.06784439e+00 1.25708874e+01
 2.72954464e-02 2.27752575e+00 6.01917117e-01 6.18424938e+01
 8.21904737e-02 7.84539464e-04 8.10856284e-04 6.71678427e-04
 7.38915443e-04 8.55803938e-04 8.04031127e-04 7.05404539e-04
 6.89663637e-04]
  0%|          | 0/750 [00:00<?, ?it/s]
Episode 433 - Time 749 - Avg reward: -6.2953 - Loss: 234.48 - Action counts: [2.03887230e+01 8.74833621e-02 2.06342382e+00 1.25416007e+01
 2.72318583e-02 2.27224927e+00 6.01276647e-01 6.19299397e+01
 8.20249179e-02 7.82709138e-04 8.08964561e-04 6.70111405e-04
 7.37191558e-04 8.53807352e-04 8.02155328e-04 7.03758834e-04
 6.88054656e-04]
  0%|          | 0/750 [00:00<?, ?it/s]
Episode 434 - Time 749 - Avg reward: -3.6767 - Loss: 311.22 - Action counts: [2.03410904e+01 8.72778112e-02 2.05901746e+00 1.25121559e+01
 2.71679260e-02 2.26694668e+00 6.01646442e-01 6.20168131e+01
 8.18517169e-02 7.80869810e-04 8.07063534e-04 6.68536676e-04
 7.35459194e-04 8.51800947e-04 8.00270302e-04 7.02105036e-04
 6.86437761e-04]
  0%|          | 0/750 [00:00<?, ?it/s]
Episode 435 - Time 749 - Avg reward: -4.5313 - Loss: 336.54 - Action counts: [2.02945291e+01 8.70763082e-02 2.05474160e+00 1.24832981e+01
 2.71052630e-02 2.26174996e+00 6.02824705e-01 6.21009775e+01
 8.16788305e-02 7.79066974e-04 8.05200223e-04 6.66993190e-04
 7.33761200e-04 8.49834348e-04 7.98422675e-04 7.00484048e-04
 6.84852945e-04]
  0%|          | 0/750 [00:00<?, ?it/s]
Episode 436 - Time 749 - Avg reward: -4.8631 - Loss: 246.56 - Action counts: [2.02472708e+01 8.68716816e-02 2.05034878e+00 1.24539965e+01
 2.70416027e-02 2.25646638e+00 6.02882746e-01 6.21876174e+01
 8.14996820e-02 7.77235919e-04 8.03307747e-04 6.65425544e-04
 7.32036628e-04 8.47836967e-04 7.96546128e-04 6.98837688e-04
 6.83243323e-04]
  0%|          | 0/750 [00:00<?, ?it/s]
Episode 437 - Time 749 - Avg reward: -4.5221 - Loss: 141.51 - Action counts: [2.02002854e+01 8.66670415e-02 2.04583741e+00 1.24246820e+01
 2.69779171e-02 2.25117791e+00 6.02442993e-01 6.22746225e+01
 8.13164932e-02 7.75405015e-04 8.01415427e-04 6.63858027e-04
 7.30312198e-04 8.45839752e-04 7.94669736e-04 6.97191464e-04
 6.81633834e-04]
  0%|          | 0/750 [00:00<?, ?it/s]
Episode 438 - Time 749 - Avg reward: -4.8696 - Loss: 194.53 - Action counts: [2.01550785e+01 8.64718092e-02 2.04158178e+00 1.23967239e+01
 2.69172053e-02 2.24613784e+00 6.02281051e-01 6.23576893e+01
 8.11417877e-02 7.73658283e-04 7.99610102e-04 6.62362574e-04
 7.28667046e-04 8.43934354e-04 7.92879607e-04 6.95620921e-04
 6.80098338e-04]
  0%|          | 0/750 [00:00<?, ?it/s]
Episode 439 - Time 749 - Avg reward: -5.3628 - Loss: 192.75 - Action counts: [2.01081153e+01 8.62686021e-02 2.03723589e+00 1.23676151e+01
 2.68539807e-02 2.24089837e+00 6.01866098e-01 6.24442240e+01
 8.09599530e-02 7.71840201e-04 7.97731034e-04 6.60806034e-04
 7.26954692e-04 8.41951124e-04 7.91016355e-04 6.93986225e-04
 6.78500120e-04]
  0%|          | 0/750 [00:00<?, ?it/s]
Episode 440 - Time 749 - Avg reward: -4.4041 - Loss: 252.02 - Action counts: [2.00634475e+01 8.60750523e-02 2.03324002e+00 1.23398823e+01
 2.67937724e-02 2.23591923e+00 6.01820986e-01 6.25260850e+01
 8.07867946e-02 7.70108387e-04 7.95941127e-04 6.59323353e-04
 7.25323590e-04 8.40061999e-04 7.89241515e-04 6.92429096e-04
 6.76977737e-04]
  0%|          | 0/750 [00:00<?, ?it/s]
Episode 441 - Time 749 - Avg reward: -4.4012 - Loss: 246.85 - Action counts: [2.00189982e+01 8.58835316e-02 2.02924858e+00 1.23124368e+01
 2.67342003e-02 2.23097561e+00 6.01889085e-01 6.26072855e+01
 8.06124004e-02 7.68394863e-04 7.94170124e-04 6.57856330e-04
 7.23709714e-04 8.38192825e-04 7.87485418e-04 6.90888412e-04
 6.75471433e-04]
  0%|          | 0/750 [00:00<?, ?it/s]
Episode 442 - Time 749 - Avg reward: -5.0258 - Loss: 175.32 - Action counts: [1.99744553e+01 8.56909734e-02 2.02529315e+00 1.22848410e+01
 2.66742899e-02 2.22600199e+00 6.01564135e-01 6.26891202e+01
 8.04360619e-02 7.66672056e-04 7.92389526e-04 6.56381360e-04
 7.22087094e-04 8.36313525e-04 7.85719809e-04 6.89339380e-04
 6.73956968e-04]
  0%|          | 0/750 [00:00<?, ?it/s]
Episode 443 - Time 749 - Avg reward: -5.5097 - Loss: 219.19 - Action counts: [1.99293463e+01 8.54964072e-02 2.02149618e+00 1.22569583e+01
 2.66137245e-02 2.22097872e+00 6.01374476e-01 6.27715672e+01
 8.02592425e-02 7.64931284e-04 7.90590361e-04 6.54891009e-04
 7.20447555e-04 8.34414628e-04 7.83935788e-04 6.87774197e-04
 6.72426711e-04]
  0%|          | 0/750 [00:00<?, ?it/s]
Episode 444 - Time 749 - Avg reward: -4.9277 - Loss: 208.97 - Action counts: [1.98839144e+01 8.53004440e-02 2.01746257e+00 1.22288722e+01
 2.65527597e-02 2.21592155e+00 6.00952178e-01 6.28550476e+01
 8.00803692e-02 7.63177745e-04 7.88778002e-04 6.53389728e-04
 7.18795991e-04 8.32501804e-04 7.82138683e-04 6.86197534e-04
 6.70885231e-04]
  0%|          | 0/750 [00:00<?, ?it/s]
Episode 445 - Time 749 - Avg reward: -4.4061 - Loss: 159.61 - Action counts: [1.98400914e+01 8.51110644e-02 2.01354688e+00 1.22017320e+01
 2.64938235e-02 2.21103442e+00 6.00435798e-01 6.29357638e+01
 7.99080248e-02 7.61483377e-04 7.87026798e-04 6.51939106e-04
 7.17200158e-04 8.30653527e-04 7.80402219e-04 6.84674074e-04
 6.69395766e-04]
  0%|          | 0/750 [00:00<?, ?it/s]
Episode 446 - Time 749 - Avg reward: -5.6443 - Loss: 236.32 - Action counts: [1.97965233e+01 8.49228044e-02 2.00959858e+00 1.21747516e+01
 2.64352210e-02 2.20617508e+00 6.00059592e-01 6.30159273e+01
 7.97368266e-02 7.59799027e-04 7.85285947e-04 6.50497061e-04
 7.15613759e-04 8.28816177e-04 7.78676022e-04 6.83159621e-04
 6.67915108e-04]
  0%|          | 0/750 [00:00<?, ?it/s]
Episode 447 - Time 749 - Avg reward: -4.9286 - Loss: 205.54 - Action counts: [1.97535139e+01 8.47362884e-02 2.00583594e+00 1.21480215e+01
 2.63772606e-02 2.20137138e+00 5.99963435e-01 6.30947542e+01
 7.95691584e-02 7.58130147e-04 7.83561085e-04 6.49068260e-04
 7.14041931e-04 8.26995702e-04 7.76965678e-04 6.81659077e-04
 6.66448048e-04]
  0%|          | 0/750 [00:00<?, ?it/s]
Episode 448 - Time 749 - Avg reward: -4.2639 - Loss: 182.63 - Action counts: [1.97109696e+01 8.45524040e-02 2.00197624e+00 1.21216680e+01
 2.63200347e-02 2.19662489e+00 5.99702184e-01 6.31729416e+01
 7.94009783e-02 7.56484945e-04 7.81860697e-04 6.47659731e-04
 7.12492404e-04 8.25201057e-04 7.75279602e-04 6.80179824e-04
 6.65001804e-04]
  0%|          | 0/750 [00:00<?, ?it/s]
Episode 449 - Time 749 - Avg reward: -4.3192 - Loss: 289.69 - Action counts: [1.96674314e+01 8.43640894e-02 1.99830257e+00 1.20946909e+01
 2.62614445e-02 2.19178405e+00 5.99878513e-01 6.32522251e+01
 7.92306738e-02 7.54800107e-04 7.80119342e-04 6.46217267e-04
 7.10905546e-04 8.23363175e-04 7.73552905e-04 6.78664931e-04
 6.63520716e-04]
  0%|          | 0/750 [00:00<?, ?it/s]
Episode 450 - Time 749 - Avg reward: -5.9692 - Loss: 204.79 - Action counts: [1.96239813e+01 8.41763328e-02 1.99434722e+00 1.20677857e+01
 2.62030131e-02 2.18693678e+00 5.99559929e-01 6.33321332e+01
 7.90583260e-02 7.53120260e-04 7.78383146e-04 6.44779077e-04
 7.09323389e-04 8.21530738e-04 7.71831323e-04 6.77154528e-04
 6.62044017e-04]
  0%|          | 0/750 [00:00<?, ?it/s]
Episode 451 - Time 749 - Avg reward: -4.8908 - Loss: 222.56 - Action counts: [1.95806074e+01 8.39888791e-02 1.99053508e+00 1.20409248e+01
 2.61446611e-02 2.18209931e+00 6.00085912e-01 6.34109223e+01
 7.88864364e-02 7.51443124e-04 7.76649751e-04 6.43343208e-04
 7.07743784e-04 8.19701257e-04 7.70112518e-04 6.75646561e-04
 6.60569700e-04]
  0%|          | 0/750 [00:00<?, ?it/s]
Episode 452 - Time 749 - Avg reward: -5.1660 - Loss: 309.85 - Action counts: [1.95365476e+01 8.37984060e-02 1.98704702e+00 1.20136356e+01
 2.60854427e-02 2.17719004e+00 6.00416566e-01 6.34907744e+01
 7.87128821e-02 7.49738974e-04 7.74888436e-04 6.41884211e-04
 7.06138737e-04 8.17842308e-04 7.68366029e-04 6.74114305e-04
 6.59071635e-04]
  0%|          | 0/750 [00:00<?, ?it/s]
Episode 453 - Time 749 - Avg reward: -4.1689 - Loss: 261.79 - Action counts: [1.94927941e+01 8.36088123e-02 1.98348847e+00 1.19864671e+01
 2.60264932e-02 2.17230182e+00 6.00723260e-01 6.35702706e+01
 7.85402916e-02 7.48042560e-04 7.73135117e-04 6.40431837e-04
 7.04540976e-04 8.15991799e-04 7.66627468e-04 6.72589004e-04
 6.57580372e-04]
  0%|          | 0/750 [00:00<?, ?it/s]
Episode 454 - Time 749 - Avg reward: -5.6122 - Loss: 241.17 - Action counts: [1.94510790e+01 8.34285988e-02 1.98011182e+00 1.19606412e+01
 2.59704240e-02 2.16764531e+00 6.00553123e-01 6.36464295e+01
 7.83745715e-02 7.46430201e-04 7.71468673e-04 6.39051426e-04
 7.03022383e-04 8.14232980e-04 7.64975051e-04 6.71139281e-04
 6.56162999e-04]
  0%|          | 0/750 [00:00<?, ?it/s]
Episode 455 - Time 749 - Avg reward: -4.7662 - Loss: 293.18 - Action counts: [1.94091037e+01 8.32471095e-02 1.97682256e+00 1.19346364e+01
 2.59139867e-02 2.16296508e+00 6.00688274e-01 6.37226605e+01
 7.82084401e-02 7.44806428e-04 7.69790432e-04 6.37661244e-04
 7.01493039e-04 8.12461710e-04 7.63310936e-04 6.69679295e-04
 6.54735592e-04]
  0%|          | 0/750 [00:00<?, ?it/s]
Episode 456 - Time 749 - Avg reward: -6.2347 - Loss: 245.41 - Action counts: [1.93647236e+01 8.30551486e-02 1.97289752e+00 1.19071281e+01
 2.58542895e-02 2.15801405e+00 6.00516887e-01 6.38040368e+01
 7.80329901e-02 7.43088967e-04 7.68015360e-04 6.36190850e-04
 6.99875454e-04 8.10588241e-04 7.61550805e-04 6.68135071e-04
 6.53225827e-04]
  0%|          | 0/750 [00:00<?, ?it/s]
Episode 457 - Time 749 - Avg reward: -4.4704 - Loss: 178.56 - Action counts: [1.93226099e+01 8.28721595e-02 1.96928992e+00 1.18809048e+01
 2.57973702e-02 2.15329793e+00 5.99902563e-01 6.38817301e+01
 7.78673128e-02 7.41451775e-04 7.66323250e-04 6.34789179e-04
 6.98333472e-04 8.08802333e-04 7.59872937e-04 6.66663019e-04
 6.51786623e-04]
  0%|          | 0/750 [00:00<?, ?it/s]
Episode 458 - Time 749 - Avg reward: -4.8901 - Loss: 125.38 - Action counts: [1.92818131e+01 8.26955928e-02 1.96561483e+00 1.18556002e+01
 2.57424501e-02 2.14874330e+00 5.99097069e-01 6.39572717e+01
 7.77060193e-02 7.39872044e-04 7.64690528e-04 6.33436702e-04
 6.96845608e-04 8.07079106e-04 7.58253959e-04 6.65242633e-04
 6.50397932e-04]
  0%|          | 0/750 [00:00<?, ?it/s]
Episode 459 - Time 749 - Avg reward: -5.8236 - Loss: 207.66 - Action counts: [1.92409324e+01 8.25191731e-02 1.96217369e+00 1.18303202e+01
 2.56875855e-02 2.14419566e+00 5.98339875e-01 6.40325815e+01
 7.75463642e-02 7.38293500e-04 7.63059032e-04 6.32085242e-04
 6.95358862e-04 8.05357173e-04 7.56636196e-04 6.63823313e-04
 6.49010284e-04]
  0%|          | 0/750 [00:00<?, ?it/s]
Episode 460 - Time 749 - Avg reward: -5.5262 - Loss: 240.55 - Action counts: [1.91995779e+01 8.23410422e-02 1.95895276e+00 1.18047913e+01
 2.56321347e-02 2.13959711e+00 5.97532428e-01 6.41085016e+01
 7.73823600e-02 7.36699774e-04 7.61411846e-04 6.30720784e-04
 6.93857818e-04 8.03618679e-04 7.55002874e-04 6.62390343e-04
 6.47609291e-04]
  0%|          | 0/750 [00:00<?, ?it/s]
Episode 461 - Time 749 - Avg reward: -5.1203 - Loss: 174.97 - Action counts: [1.91585863e+01 8.21644914e-02 1.95576041e+00 1.17794895e+01
 2.55772046e-02 2.13503793e+00 5.96606731e-01 6.41838793e+01
 7.72190916e-02 7.35120186e-04 7.59779272e-04 6.29368429e-04
 6.92370089e-04 8.01895608e-04 7.53384042e-04 6.60970085e-04
 6.46220725e-04]
  0%|          | 0/750 [00:00<?, ?it/s]
Episode 462 - Time 749 - Avg reward: -6.3696 - Loss: 207.46 - Action counts: [1.91171021e+01 8.19858653e-02 1.95271330e+00 1.17538866e+01
 2.55216194e-02 2.13042842e+00 5.95670946e-01 6.42599700e+01
 7.70543805e-02 7.33521773e-04 7.58127241e-04 6.27999959e-04
 6.90864630e-04 8.00152001e-04 7.51745917e-04 6.59532901e-04
 6.44815611e-04]
  0%|          | 0/750 [00:00<?, ?it/s]
Episode 463 - Time 749 - Avg reward: -4.6773 - Loss: 197.36 - Action counts: [1.90758402e+01 8.18084417e-02 1.95007262e+00 1.17284604e+01
 2.54664317e-02 2.12585453e+00 5.94878105e-01 6.43350743e+01
 7.68904686e-02 7.31934377e-04 7.56486597e-04 6.26640920e-04
 6.89369547e-04 7.98420412e-04 7.50119082e-04 6.58105622e-04
 6.43420182e-04]
  0%|          | 0/750 [00:00<?, ?it/s]
Episode 464 - Time 749 - Avg reward: -4.4762 - Loss: 238.64 - Action counts: [1.90346292e+01 8.16313131e-02 1.94782104e+00 1.17030762e+01
 2.54113070e-02 2.12129055e+00 5.94009229e-01 6.44097620e+01
 7.67269360e-02 7.30349620e-04 7.54848680e-04 6.25284140e-04
 6.87876949e-04 7.96691702e-04 7.48494952e-04 6.56680716e-04
 6.42027072e-04]
  0%|          | 0/750 [00:00<?, ?it/s]
Episode 465 - Time 749 - Avg reward: -5.2025 - Loss: 392.20 - Action counts: [1.89935688e+01 8.14549932e-02 1.94888734e+00 1.16778148e+01
 2.53564769e-02 2.11677041e+00 5.93419641e-01 6.44805312e+01
 7.65663071e-02 7.28772098e-04 7.53218242e-04 6.23933555e-04
 6.86391167e-04 7.94970885e-04 7.46878237e-04 6.55262316e-04
 6.40640324e-04]
  0%|          | 0/750 [00:00<?, ?it/s]
Episode 466 - Time 749 - Avg reward: -5.5076 - Loss: 295.70 - Action counts: [1.89545859e+01 8.12874689e-02 1.94837934e+00 1.16538080e+01
 2.53043560e-02 2.11246161e+00 5.92655596e-01 6.45494867e+01
 7.64126133e-02 7.27273270e-04 7.51669136e-04 6.22650342e-04
 6.84979501e-04 7.93335908e-04 7.45342171e-04 6.53914671e-04
 6.39322751e-04]
  0%|          | 0/750 [00:00<?, ?it/s]
Episode 467 - Time 749 - Avg reward: -3.8487 - Loss: 266.65 - Action counts: [1.89133859e+01 8.11103666e-02 1.94812982e+00 1.16284274e+01
 2.52492250e-02 2.10790859e+00 5.91909690e-01 6.46220227e+01
 7.62500279e-02 7.25688748e-04 7.50031463e-04 6.21293764e-04
 6.83487126e-04 7.91607455e-04 7.43718282e-04 6.52489977e-04
 6.37929849e-04]
  0%|          | 0/750 [00:00<?, ?it/s]
Episode 468 - Time 749 - Avg reward: -4.9764 - Loss: 261.02 - Action counts: [1.88729802e+01 8.09364700e-02 1.94655544e+00 1.16035038e+01
 2.51951301e-02 2.10343557e+00 5.91156423e-01 6.46945520e+01
 7.60907665e-02 7.24132781e-04 7.48423302e-04 6.19961633e-04
 6.82021644e-04 7.89910150e-04 7.42123657e-04 6.51090957e-04
 6.36562047e-04]
  0%|          | 0/750 [00:00<?, ?it/s]
Episode 469 - Time 749 - Avg reward: -3.6313 - Loss: 203.87 - Action counts: [1.88326292e+01 8.07628199e-02 1.94448148e+00 1.15786155e+01
 2.51410878e-02 2.09895848e+00 5.90285093e-01 6.47676134e+01
 7.59307692e-02 7.22579145e-04 7.46817551e-04 6.18631498e-04
 6.80558358e-04 7.88215388e-04 7.40531422e-04 6.49694034e-04
 6.35196296e-04]
  0%|          | 0/750 [00:00<?, ?it/s]
Episode 470 - Time 749 - Avg reward: -4.7591 - Loss: 152.18 - Action counts: [1.87931622e+01 8.05932183e-02 1.94213021e+00 1.15543043e+01
 2.50883013e-02 2.09458122e+00 5.89380501e-01 6.48394159e+01
 7.57737175e-02 7.21061606e-04 7.45249106e-04 6.17332266e-04
 6.79129070e-04 7.86560001e-04 7.38976180e-04 6.48329565e-04
 6.33862275e-04]
  0%|          | 0/750 [00:00<?, ?it/s]
Episode 471 - Time 749 - Avg reward: -5.7167 - Loss: 207.28 - Action counts: [1.87533436e+01 8.04221799e-02 1.93985730e+00 1.15297884e+01
 2.50350773e-02 2.09017994e+00 5.88608121e-01 6.49115902e+01
 7.56165181e-02 7.19531085e-04 7.43667246e-04 6.16021921e-04
 6.77687555e-04 7.84890454e-04 7.37407634e-04 6.46953425e-04
 6.32516844e-04]
  0%|          | 0/750 [00:00<?, ?it/s]
Episode 472 - Time 749 - Avg reward: -4.6155 - Loss: 178.55 - Action counts: [1.87143823e+01 8.02549417e-02 1.93736185e+00 1.15058203e+01
 2.49830309e-02 2.08586800e+00 5.87727137e-01 6.49825937e+01
 7.54615666e-02 7.18034819e-04 7.42120788e-04 6.14740902e-04
 6.76278302e-04 7.83258273e-04 7.35874193e-04 6.45608084e-04
 6.31201523e-04]
  0%|          | 0/750 [00:00<?, ?it/s]
Episode 473 - Time 749 - Avg reward: -4.3052 - Loss: 220.37 - Action counts: [1.86740371e+01 8.00817427e-02 1.93580752e+00 1.14810006e+01
 2.49291568e-02 2.08142847e+00 5.86989063e-01 6.50548884e+01
 7.53028536e-02 7.16485220e-04 7.40519209e-04 6.13414223e-04
 6.74818819e-04 7.81567915e-04 7.34286095e-04 6.44214791e-04
 6.29839321e-04]
  0%|          | 0/750 [00:00<?, ?it/s]
Episode 474 - Time 749 - Avg reward: -5.8530 - Loss: 151.33 - Action counts: [1.86344535e+01 7.99118252e-02 1.93304749e+00 1.14566456e+01
 2.48762761e-02 2.07705088e+00 5.86085668e-01 6.51272602e+01
 7.51451632e-02 7.14964981e-04 7.38947975e-04 6.12112680e-04
 6.73386987e-04 7.79909583e-04 7.32728086e-04 6.42847895e-04
 6.28502927e-04]
  0%|          | 0/750 [00:00<?, ?it/s]
Episode 475 - Time 749 - Avg reward: -4.9887 - Loss: 168.21 - Action counts: [1.85951105e+01 7.97428933e-02 1.93010372e+00 1.14324308e+01
 2.48237162e-02 2.07270248e+00 5.85217394e-01 6.51993682e+01
 7.49886703e-02 7.13453560e-04 7.37385854e-04 6.10818687e-04
 6.71963461e-04 7.78260870e-04 7.31179114e-04 6.41488928e-04
 6.27174285e-04]
  0%|          | 0/750 [00:00<?, ?it/s]
Episode 476 - Time 749 - Avg reward: -4.4764 - Loss: 91.42 - Action counts: [1.85559361e+01 7.95747668e-02 1.92675967e+00 1.14083293e+01
 2.47714347e-02 2.06835307e+00 5.84186208e-01 6.52717569e+01
 7.48324507e-02 7.11949345e-04 7.35831182e-04 6.09530863e-04
 6.70546722e-04 7.76620019e-04 7.29637528e-04 6.40136440e-04
 6.25851977e-04]
  0%|          | 0/750 [00:00<?, ?it/s]
Episode 477 - Time 749 - Avg reward: -4.5646 - Loss: 85.51 - Action counts: [1.85176293e+01 7.94102117e-02 1.92333525e+00 1.13847397e+01
 2.47202787e-02 2.06409417e+00 5.83190918e-01 6.53427104e+01
 7.46810991e-02 7.10477084e-04 7.34309534e-04 6.08270396e-04
 6.69160079e-04 7.75014023e-04 7.28128688e-04 6.38812683e-04
 6.24557759e-04]
  0%|          | 0/750 [00:00<?, ?it/s]
Episode 478 - Time 749 - Avg reward: -4.6962 - Loss: 172.11 - Action counts: [1.84788460e+01 7.92435159e-02 1.91980057e+00 1.13608443e+01
 2.46684282e-02 2.05979806e+00 5.82414314e-01 6.54143782e+01
 7.45293176e-02 7.08985669e-04 7.32768091e-04 6.06993531e-04
 6.67755396e-04 7.73387134e-04 7.26600220e-04 6.37471704e-04
 6.23246704e-04]
  0%|          | 0/750 [00:00<?, ?it/s]
Episode 479 - Time 749 - Avg reward: -5.6626 - Loss: 193.82 - Action counts: [1.84402375e+01 7.90777424e-02 1.91644049e+00 1.13370822e+01
 2.46169201e-02 2.05553010e+00 5.81719174e-01 6.54854517e+01
 7.43784935e-02 7.07502506e-04 7.31235176e-04 6.05723730e-04
 6.66358484e-04 7.71769246e-04 7.25080208e-04 6.36138145e-04
 6.21942903e-04]
  0%|          | 0/750 [00:00<?, ?it/s]
Episode 480 - Time 749 - Avg reward: -4.8652 - Loss: 232.33 - Action counts: [1.84011214e+01 7.89097307e-02 1.91346068e+00 1.13130016e+01
 2.45647011e-02 2.05121189e+00 5.81079492e-01 6.55569659e+01
 7.42304535e-02 7.05999319e-04 7.29681565e-04 6.04436786e-04
 6.64942713e-04 7.70129515e-04 7.23539674e-04 6.34786581e-04
 6.20621499e-04]
  0%|          | 0/750 [00:00<?, ?it/s]
Episode 481 - Time 749 - Avg reward: -4.9659 - Loss: 136.30 - Action counts: [1.83636039e+01 7.87485067e-02 1.91012188e+00 1.12898886e+01
 2.45145489e-02 2.04704036e+00 5.80215870e-01 6.56263405e+01
 7.40828769e-02 7.04556736e-04 7.28190592e-04 6.03201728e-04
 6.63584022e-04 7.68555894e-04 7.22061251e-04 6.33489509e-04
 6.19353370e-04]
  0%|          | 0/750 [00:00<?, ?it/s]
Episode 482 - Time 749 - Avg reward: -7.0703 - Loss: 182.78 - Action counts: [1.83260060e+01 7.85870946e-02 1.90699780e+00 1.12667535e+01
 2.44643148e-02 2.04287387e+00 5.79574925e-01 6.56953739e+01
 7.39367867e-02 7.03112595e-04 7.26698008e-04 6.01965335e-04
 6.62223863e-04 7.66980573e-04 7.20581230e-04 6.32191035e-04
 6.18083872e-04]
  0%|          | 0/750 [00:00<?, ?it/s]
Episode 483 - Time 749 - Avg reward: -6.1748 - Loss: 106.57 - Action counts: [1.82882931e+01 7.84252609e-02 1.90373193e+00 1.12435548e+01
 2.44139632e-02 2.03867951e+00 5.78875479e-01 6.57648173e+01
 7.37880626e-02 7.01664681e-04 7.25201526e-04 6.00725714e-04
 6.60860152e-04 7.65401136e-04 7.19097344e-04 6.30889170e-04
 6.16811057e-04]
  0%|          | 0/750 [00:00<?, ?it/s]
Episode 484 - Time 749 - Avg reward: -4.1325 - Loss: 198.47 - Action counts: [1.82509355e+01 7.82649775e-02 1.90108828e+00 1.12205793e+01
 2.43641035e-02 2.03453383e+00 5.78490137e-01 6.58326907e+01
 7.36436784e-02 7.00230515e-04 7.23719252e-04 5.99497862e-04
 6.59509388e-04 7.63836696e-04 7.17627547e-04 6.29599665e-04
 6.15550328e-04]
  0%|          | 0/750 [00:00<?, ?it/s]
Episode 485 - Time 749 - Avg reward: -4.8093 - Loss: 221.21 - Action counts: [1.82122225e+01 7.80988394e-02 1.89832262e+00 1.11967657e+01
 2.43124253e-02 2.03023486e+00 5.78073709e-01 6.59030784e+01
 7.34927992e-02 6.98744091e-04 7.22182966e-04 5.98225269e-04
 6.58109405e-04 7.62215251e-04 7.16104192e-04 6.28263173e-04
 6.14243659e-04]
  0%|          | 0/750 [00:00<?, ?it/s]
Episode 486 - Time 749 - Avg reward: -4.8555 - Loss: 339.23 - Action counts: [1.81746780e+01 7.79377455e-02 1.89608974e+00 1.11736746e+01
 2.42623676e-02 2.02608101e+00 5.78653572e-01 6.59698882e+01
 7.33478470e-02 6.97302674e-04 7.20693199e-04 5.96991210e-04
 6.56751813e-04 7.60642902e-04 7.14626965e-04 6.26967150e-04
 6.12976556e-04]
  0%|          | 0/750 [00:00<?, ?it/s]
Episode 487 - Time 749 - Avg reward: -4.7391 - Loss: 316.02 - Action counts: [1.81367198e+01 7.77748710e-02 1.89398133e+00 1.11503293e+01
 2.42117186e-02 2.02188118e+00 5.79120153e-01 6.60374046e+01
 7.32013543e-02 6.95845449e-04 7.19187092e-04 5.95743616e-04
 6.55379331e-04 7.59053308e-04 7.13133535e-04 6.25656912e-04
 6.11695556e-04]
  0%|          | 0/750 [00:00<?, ?it/s]
Episode 488 - Time 749 - Avg reward: -4.9436 - Loss: 368.40 - Action counts: [1.80988300e+01 7.76123187e-02 1.89212551e+00 1.11270315e+01
 2.41611560e-02 2.01769936e+00 5.79669076e-01 6.61044498e+01
 7.30568235e-02 6.94391107e-04 7.17683965e-04 5.94498490e-04
 6.54009564e-04 7.57466859e-04 7.11643060e-04 6.24349266e-04
 6.10417090e-04]
  0%|          | 0/750 [00:00<?, ?it/s]
Episode 489 - Time 749 - Avg reward: -4.4112 - Loss: 298.61 - Action counts: [1.80616787e+01 7.74529609e-02 1.89024655e+00 1.11041901e+01
 2.41116014e-02 2.01358452e+00 5.79791058e-01 6.61706787e+01
 7.29124405e-02 6.92965346e-04 7.16210378e-04 5.93277834e-04
 6.52666717e-04 7.55911588e-04 7.10181877e-04 6.23067319e-04
 6.09163749e-04]
  0%|          | 0/750 [00:00<?, ?it/s]
Episode 490 - Time 749 - Avg reward: -4.5913 - Loss: 249.26 - Action counts: [1.80245474e+01 7.72936856e-02 1.88763246e+00 1.10813595e+01
 2.40620315e-02 2.00946912e+00 5.79892502e-01 6.62376336e+01
 7.27673126e-02 6.91540323e-04 7.14737553e-04 5.92057809e-04
 6.51324564e-04 7.54357122e-04 7.08721449e-04 6.21786035e-04
 6.07911057e-04]
  0%|          | 0/750 [00:00<?, ?it/s]
Episode 491 - Time 749 - Avg reward: -5.9529 - Loss: 311.09 - Action counts: [1.79880684e+01 7.71371892e-02 1.88535569e+00 1.10589291e+01
 2.40133808e-02 2.00544323e+00 5.80388080e-01 6.63027077e+01
 7.26256195e-02 6.90140163e-04 7.13290425e-04 5.90859071e-04
 6.50005829e-04 7.52829776e-04 7.07286502e-04 6.20527106e-04
 6.06680220e-04]
  0%|          | 0/750 [00:00<?, ?it/s]
Episode 492 - Time 749 - Avg reward: -5.8894 - Loss: 214.19 - Action counts: [1.79517398e+01 7.69813322e-02 1.88312418e+00 1.10365910e+01
 2.39648883e-02 2.00144266e+00 5.80128861e-01 6.63682211e+01
 7.24852884e-02 6.88745723e-04 7.11849210e-04 5.89665230e-04
 6.48692481e-04 7.51308671e-04 7.05857418e-04 6.19273321e-04
 6.05454413e-04]
  0%|          | 0/750 [00:00<?, ?it/s]
Episode 493 - Time 749 - Avg reward: -4.5121 - Loss: 186.56 - Action counts: [1.79150083e+01 7.68237180e-02 1.87994606e+00 1.10139993e+01
 2.39158487e-02 1.99738653e+00 5.79631478e-01 6.64356344e+01
 7.23444212e-02 6.87335561e-04 7.10391746e-04 5.88457929e-04
 6.47364326e-04 7.49770416e-04 7.04412221e-04 6.18005399e-04
 6.04214784e-04]
  0%|          | 0/750 [00:00<?, ?it/s]
Episode 494 - Time 749 - Avg reward: -4.2488 - Loss: 229.33 - Action counts: [1.78781541e+01 7.66655971e-02 1.87710662e+00 1.09913356e+01
 2.38666916e-02 1.99333396e+00 5.79224939e-01 6.65028125e+01
 7.22010435e-02 6.85920866e-04 7.08929596e-04 5.87246748e-04
 6.46031901e-04 7.48227215e-04 7.02962378e-04 6.16733402e-04
 6.02971171e-04]
  0%|          | 0/750 [00:00<?, ?it/s]
Episode 495 - Time 749 - Avg reward: -5.7127 - Loss: 166.24 - Action counts: [1.78427227e+01 7.65136260e-02 1.87397066e+00 1.09695523e+01
 2.38193816e-02 1.98941595e+00 5.78505365e-01 6.65681499e+01
 7.20616108e-02 6.84561193e-04 7.07524313e-04 5.86082672e-04
 6.44751298e-04 7.46744034e-04 7.01568924e-04 6.15510876e-04
 6.01775926e-04]
  0%|          | 0/750 [00:00<?, ?it/s]
Episode 496 - Time 749 - Avg reward: -4.1363 - Loss: 153.62 - Action counts: [1.78066520e+01 7.63589156e-02 1.87111144e+00 1.09473771e+01
 2.37712323e-02 1.98542813e+00 5.78051574e-01 6.66340519e+01
 7.19198780e-02 6.83177012e-04 7.06093700e-04 5.84897614e-04
 6.43447612e-04 7.45234120e-04 7.00150354e-04 6.14266314e-04
 6.00559136e-04]
  0%|          | 0/750 [00:00<?, ?it/s]
Episode 497 - Time 749 - Avg reward: -5.3338 - Loss: 119.61 - Action counts: [1.77710661e+01 7.62062910e-02 1.86811956e+00 1.09254986e+01
 2.37237322e-02 1.98147934e+00 5.77265852e-01 6.66995947e+01
 7.17784639e-02 6.81811491e-04 7.04682375e-04 5.83728533e-04
 6.42161502e-04 7.43744561e-04 6.98750907e-04 6.13038532e-04
 5.99358751e-04]
  0%|          | 0/750 [00:00<?, ?it/s]
Episode 498 - Time 749 - Avg reward: -5.1983 - Loss: 229.72 - Action counts: [1.77349942e+01 7.60515853e-02 1.86528990e+00 1.09033247e+01
 2.36755842e-02 1.97749402e+00 5.76807147e-01 6.67654690e+01
 7.16372267e-02 6.80427352e-04 7.03251805e-04 5.82543511e-04
 6.40857856e-04 7.42234692e-04 6.97332379e-04 6.11794008e-04
 5.98141998e-04]
  0%|          | 0/750 [00:00<?, ?it/s]
Episode 499 - Time 749 - Avg reward: -5.0681 - Loss: 163.58 - Action counts: [1.76989776e+01 7.58971031e-02 1.86235260e+00 1.08811803e+01
 2.36275057e-02 1.97351855e+00 5.76199234e-01 6.68315070e+01
 7.14943057e-02 6.79045213e-04 7.01823303e-04 5.81360201e-04
 6.39556093e-04 7.40727004e-04 6.95915901e-04 6.10551282e-04
 5.96927003e-04]
Test reward: -0.2121
